<?xml version="1.0" encoding="UTF-8"?>
<Configuration status="ERROR" monitorInterval="60">
    <Appenders>
        <Syslog name="chronicleServer" format="RFC5424" host="soc-log-chain-020.wal-mart.com" port="519"
                protocol="UDP" appName="dms-service" includeMDC="true"
                facility="AUDIT" newLine="true"
                messageId="Audit" id="App"/>
    </Appenders>
    <Loggers>
        <AsyncLogger name="InfoSecAudit" level="info" additivity="false">
            <AppenderRef ref="chronicleServer"/>
        </AsyncLogger>
    </Loggers>
</Configuration>