<?xml version="1.0" encoding="UTF-8"?>
<configuration>
    <!--
	<include
		resource="org/springframework/boot/logging/logback/base.xml" />
	<property name="LOG_PATH" value="/log/logmon/dms-service" />

	<conversionRule conversionWord="boundedMsg" converterClass="com.walmart.dms.common.logger.LogTrimmer"/>
	
	<appender name="STDOUT"
		class="ch.qos.logback.core.ConsoleAppender">
		<encoder>
			<pattern>
				%d{dd-MM-yyyy HH:mm:ss.SSS} %magenta([%thread])
				%highlight(%-5level) %logger.%M -
				%boundedMsg%n
			</pattern>
		</encoder>
	</appender>

	<appender name="STDOUT" class="ch.qos.logback.core.ConsoleAppender">
		<encoder class="ch.qos.logback.classic.encoder.PatternLayoutEncoder">
			<Pattern>
				%d{dd-MM-yyyy HH:mm:ss.SSS} [%thread] %-5level %logger{36}.%M - %msg%n
			</Pattern>
		</encoder>
	</appender>

	<appender name="STDOUT"
		class="ch.qos.logback.core.ConsoleAppender">
		<encoder
			class="ch.qos.logback.classic.encoder.PatternLayoutEncoder">
			<Pattern>
				%d{dd-MM-yyyy HH:mm:ss.SSS} [%thread] requestId: %X{requestId} %-5level
				%logger{36}.%M - %boundedMsg%n
			</Pattern>
		</encoder>
	</appender>


	<appender name="STDOUT"
		class="ch.qos.logback.core.ConsoleAppender">
		<encoder
			class="ch.qos.logback.classic.encoder.PatternLayoutEncoder">
			<Pattern>
				%d{dd-MM-yyyy HH:mm:ss.SSS} [%thread] requestId: %X{requestId} %-5level
				%logger{36}.%M - %boundedMsg%n
			</Pattern>
		</encoder>
	</appender>

	&lt;!&ndash;<root level="debug"> &ndash;&gt;
	<root level="INFO">
		&lt;!&ndash; <appender-ref ref="STDOUT" /> &ndash;&gt;
		<appender-ref ref="STDOUT" />
	</root>



	<logger name="org.springframework.kafka.KafkaListenerEndpointContainer"
		additivity="false" level="error">
		<appender-ref ref="STDOUT" />
	</logger>
	<logger name="org.apache.kafka.clients.consumer.internals.AbstractCoordinator"
		additivity="false" level="error">
		<appender-ref ref="STDOUT" />
	</logger>
	<logger name="org.apache.kafka.clients.NetworkClient"
		additivity="false" level="error">
		<appender-ref ref="STDOUT" />
	</logger>
	
	
	<logger name="com.walmart.dms.common.filter.RRLogFilter"
		additivity="false" level="info">
		<appender-ref ref="STDOUT" />
&lt;!&ndash; 		<appender-ref ref="STDOUT" /> &ndash;&gt;
	</logger>
-->
</configuration>