<?xml version="1.0" encoding="UTF-8" standalone="no"?>
<databaseChangeLog xmlns="http://www.liquibase.org/xml/ns/dbchangelog"
                   xmlns:xsi="http://www.w3.org/2001/XMLSchema-instance"
                   xsi:schemaLocation="http://www.liquibase.org/xml/ns/dbchangelog http://www.liquibase.org/xml/ns/dbchangelog/dbchangelog-2.0.xsd">
    <include file="tables/25_DMS_REASON_CODE_CONFIG.sql" relativeToChangelogFile="true"/>
    <include file="tables/1__DMS_DRIVER.sql" relativeToChangelogFile="true"/>
    <include file="tables/3__DMS_SCHEDULE.sql" relativeToChangelogFile="true"/>
    <include file="tables/4__DMS_DRIVER_PAYMENT_ACCOUNT.sql" relativeToChangelogFile="true"/>
    <include file="tables/23_DMS_DRIVER_PAYMENT_DELIVERY_TASK.sql" relativeToChangelogFile="true"/>
     <include file="tables/5__DMS_DRIVER_PAYMENT_TRIP_EVENT.sql" relativeToChangelogFile="true"/>
    <include file="tables/22_DMS_DRIVER_INCENTIVE.sql" relativeToChangelogFile="true"/>
    <include file="tables/6__DMS_DRIVER_PAYMENT_TRANSACTION.sql" relativeToChangelogFile="true"/>
    <include file="tables/7__DMS_DRIVER_STORE_RATE_CARD.sql" relativeToChangelogFile="true"/>
    <include file="tables/8__DMS_DRIVER_PAYMENT_STORE_RATE_CARD.sql" relativeToChangelogFile="true"/>
    <include file="tables/9__DMS_DRIVER_ASSOCIATED_STORE.sql" relativeToChangelogFile="true"/>
    <include file="tables/10_DMS_DRIVER_TRIP_DETAILS.sql" relativeToChangelogFile="true"/>
    <include file="tables/11_DMS_DRIVER_BLOCK_DETAILS.sql" relativeToChangelogFile="true"/>
    <include file="tables/12_DMS_STORE_CONFIG.sql" relativeToChangelogFile="true"/>
    <include file="tables/13_DMS_DRIVER_PAYMENT_TRANSACTION_LOG_TRAIL.sql" relativeToChangelogFile="true"/>
    <include file="tables/14_DMS_DRIVER_TRIP_AUDIT.sql" relativeToChangelogFile="true"/>
    <include file="tables/15_DMS_DRIVER_AVAILABILITY_STATUS_AUDIT.sql" relativeToChangelogFile="true"/>
    <include file="tables/16_DMS_DRIVER_CSP_TIP_TRANSACTION.sql" relativeToChangelogFile="true"/>
    <include file="tables/17_DMS_SPARK_JOBS.sql" relativeToChangelogFile="true"/>
    <include file="tables/16_DMS_DRIVER_OFFER_DETAILS.sql" relativeToChangelogFile="true"/>
    <include file="tables/17_DMS_ERROR_DETAILS.sql" relativeToChangelogFile="true"/>
    <include file="tables/18_DMS_ERROR_STATUS.sql" relativeToChangelogFile="true"/>
    <include file="tables/19_DMS_ONBOARDING_FLOW.sql" relativeToChangelogFile="true"/>
    <include file="tables/20_DMS_LANGUAGE_CODES.sql" relativeToChangelogFile="true"/>
    <include file="tables/21_DMS_DRIVER_FEEDBACK_CAUSES.sql" relativeToChangelogFile="true"/>
    <include file="tables/24_DMS_VENDOR_DRIVER.sql" relativeToChangelogFile="true"/>
    <include file="tables/26_DMS_ORG.sql" relativeToChangelogFile="true"/>
    <include file="tables/27_DMS_DRIVER_TASK_PROVIDER.sql" relativeToChangelogFile="true"/>
    <include file="tables/28_CALENDAR.sql" relativeToChangelogFile="true"/>
    <include file="tables/29_DMS_DRIVER_RELATIONS.sql" relativeToChangelogFile="true"/>
    <include file="tables/30_SOLR_REINDEXING_PROGRESS_REPORT.sql" relativeToChangelogFile="true"/>
</databaseChangeLog>
