<?xml version="1.0" encoding="UTF-8"?>
<project xmlns="http://maven.apache.org/POM/4.0.0" xmlns:xsi="http://www.w3.org/2001/XMLSchema-instance" xsi:schemaLocation="http://maven.apache.org/POM/4.0.0 http://maven.apache.org/maven-v4_0_0.xsd">
  <parent>
    <artifactId>driver-management-system</artifactId>
    <groupId>com.walmart.lms.dms</groupId>
    <version>0.0.2-SNAPSHOT</version>
  </parent>
  <modelVersion>4.0.0</modelVersion>
  <artifactId>dms-service</artifactId>
  <build>
    <finalName>dms-service</finalName>
    <plugins>
      <plugin>
        <artifactId>maven-shade-plugin</artifactId>
        <version>3.0.0</version>
        <executions>
          <execution>
            <phase>package</phase>
            <goals>
              <goal>shade</goal>
            </goals>
            <configuration>
              <transformers>
                <transformer>
                  <resource>META-INF/spring.handlers</resource>
                </transformer>
                <transformer>
                  <resource>META-INF/spring.schemas</resource>
                </transformer>
                <transformer>
                  <resource>META-INF/spring.provides</resource>
                </transformer>
                <transformer>
                  <resource>META-INF/spring.factories</resource>
                </transformer>
                <transformer>
                  <resource>META-INF/spring.tooling</resource>
                </transformer>
                <transformer>
                  <mainClass>com.walmart.dms.service.DMSApplication</mainClass>
                </transformer>
                <transformer />
                <transformer>
                  <resource>META-INF/cxf/bus-extensions.txt</resource>
                </transformer>
              </transformers>
            </configuration>
          </execution>
        </executions>
        <dependencies>
          <dependency>
            <groupId>org.springframework.boot</groupId>
            <artifactId>spring-boot-maven-plugin</artifactId>
            <version>${spring.boot.version}</version>
          </dependency>
        </dependencies>
        <configuration>
          <keepDependenciesWithProvidedScope>true</keepDependenciesWithProvidedScope>
          <createDependencyReducedPom>true</createDependencyReducedPom>
          <filters>
            <filter>
              <artifact>*:*</artifact>
              <excludes>
                <exclude>META-INF/*.SF</exclude>
                <exclude>META-INF/*.DSA</exclude>
                <exclude>META-INF/*.RSA</exclude>
              </excludes>
            </filter>
          </filters>
        </configuration>
      </plugin>
    </plugins>
  </build>
  <dependencies>
    <dependency>
      <groupId>mysql</groupId>
      <artifactId>mysql-connector-java</artifactId>
      <version>5.1.40</version>
      <scope>provided</scope>
    </dependency>
    <dependency>
      <groupId>com.walmart.lms.dms</groupId>
      <artifactId>dms-scheduling-biz</artifactId>
      <version>0.0.2-SNAPSHOT</version>
      <scope>provided</scope>
      <exclusions>
        <exclusion>
          <artifactId>strati-af-messaging-jms-client-jms20-bom</artifactId>
          <groupId>io.strati.messaging</groupId>
        </exclusion>
      </exclusions>
    </dependency>
    <dependency>
      <groupId>com.walmart.lms.dms</groupId>
      <artifactId>dms-onboarding-biz</artifactId>
      <version>0.0.2-SNAPSHOT</version>
      <scope>provided</scope>
    </dependency>
    <dependency>
      <groupId>com.walmart.lms.dms</groupId>
      <artifactId>dms-server-common</artifactId>
      <version>0.0.2-SNAPSHOT</version>
      <scope>provided</scope>
    </dependency>
    <dependency>
      <groupId>com.walmart.lms.dms</groupId>
      <artifactId>dms-common</artifactId>
      <version>0.0.2-SNAPSHOT</version>
      <scope>provided</scope>
    </dependency>
     
     
    <dependency>
      <groupId>io.swagger</groupId>
      <artifactId>swagger-jersey2-jaxrs</artifactId>
      <version>1.5.17</version>
      <scope>provided</scope>
    </dependency>
    
    
    <dependency>
      <groupId>org.slf4j</groupId>
      <artifactId>jcl-over-slf4j</artifactId>
      <version>1.7.22</version>
      <scope>provided</scope>
    </dependency>
    <dependency>
      <groupId>io.strati</groupId>
      <artifactId>strati-af-tomcat8-bom</artifactId>
      <version>3.5.1</version>
      <type>pom</type>
      <scope>compile</scope>
      <exclusions>
        <exclusion>
          <artifactId>strati-af-iam-herasaf</artifactId>
          <groupId>io.strati</groupId>
        </exclusion>
        <exclusion>
          <artifactId>strati-af-iam-principal-attr-ext-pip</artifactId>
          <groupId>io.strati</groupId>
        </exclusion>
      </exclusions>
    </dependency>
<!--    <dependency>-->
<!--      <groupId>io.strati</groupId>-->
<!--      <artifactId>strati-af-metrics-spring</artifactId>-->
<!--      <version>3.3.1</version>-->
<!--      <scope>provided</scope>-->
<!--    </dependency>-->
    <dependency>
      <groupId>io.strati</groupId>
      <artifactId>strati-af-spring4-bom</artifactId>
      <version>11.0.14</version>
      <type>pom</type>
      <scope>compile</scope>
      <exclusions>
        <exclusion>
          <artifactId>spring-context</artifactId>
          <groupId>org.springframework</groupId>
        </exclusion>
        <exclusion>
          <artifactId>spring-web</artifactId>
          <groupId>org.springframework</groupId>
        </exclusion>
      </exclusions>
    </dependency>
    <dependency>
      <groupId>org.springframework.boot</groupId>
      <artifactId>spring-boot-starter-jersey</artifactId>
      <version>${spring.boot.version}</version>
      <scope>provided</scope>
    </dependency>
    <dependency>
      <groupId>org.springframework.boot</groupId>
      <artifactId>spring-boot-starter-web</artifactId>
      <version>${spring.boot.version}</version>
      <scope>provided</scope>
      <exclusions>
        <exclusion>
          <artifactId>spring-boot-starter-logging</artifactId>
          <groupId>org.springframework.boot</groupId>
        </exclusion>
      </exclusions>
    </dependency>
    <dependency>
      <groupId>org.springframework.boot</groupId>
      <artifactId>spring-boot-starter-test</artifactId>
      <version>${spring.boot.version}</version>
      <scope>test</scope>
      <exclusions>
        <exclusion>
          <artifactId>commons-logging</artifactId>
          <groupId>commons-logging</groupId>
        </exclusion>
        <exclusion>
          <artifactId>spring-boot-test</artifactId>
          <groupId>org.springframework.boot</groupId>
        </exclusion>
        <exclusion>
          <artifactId>spring-boot-test-autoconfigure</artifactId>
          <groupId>org.springframework.boot</groupId>
        </exclusion>
        <exclusion>
          <artifactId>json-path</artifactId>
          <groupId>com.jayway.jsonpath</groupId>
        </exclusion>
        <exclusion>
          <artifactId>assertj-core</artifactId>
          <groupId>org.assertj</groupId>
        </exclusion>
        <exclusion>
          <artifactId>mockito-core</artifactId>
          <groupId>org.mockito</groupId>
        </exclusion>
        <exclusion>
          <artifactId>hamcrest-library</artifactId>
          <groupId>org.hamcrest</groupId>
        </exclusion>
        <exclusion>
          <artifactId>jsonassert</artifactId>
          <groupId>org.skyscreamer</groupId>
        </exclusion>
        <exclusion>
          <artifactId>spring-test</artifactId>
          <groupId>org.springframework</groupId>
        </exclusion>
      </exclusions>
    </dependency>
    <dependency>
      <groupId>org.springframework.boot</groupId>
      <artifactId>spring-boot-starter</artifactId>
      <version>${spring.boot.version}</version>
      <scope>provided</scope>
      <exclusions>
        <exclusion>
          <artifactId>spring-boot-starter-logging</artifactId>
          <groupId>org.springframework.boot</groupId>
        </exclusion>
        <exclusion>
          <artifactId>log4j-slf4j-impl</artifactId>
          <groupId>org.apache.logging.log4j</groupId>
        </exclusion>
      </exclusions>
    </dependency>
    <dependency>
      <groupId>io.strati</groupId>
      <artifactId>strati-af-ccm-client-impl</artifactId>
      <version>8.0.2</version>
      <scope>provided</scope>
    </dependency>
    <dependency>
      <groupId>io.strati</groupId>
      <artifactId>strati-af-logging-log4j2-slf4j-impl</artifactId>
      <version>4.1.1</version>
      <scope>provided</scope>
      <exclusions>
        <exclusion>
          <artifactId>javaee-api</artifactId>
          <groupId>org.apache.openejb</groupId>
        </exclusion>
      </exclusions>
    </dependency>
<!--    <dependency>-->
<!--      <groupId>io.strati</groupId>-->
<!--      <artifactId>strati-af-metrics-impl</artifactId>-->
<!--      <version>3.3.1</version>-->
<!--      <scope>provided</scope>-->
<!--      <exclusions>-->
<!--        <exclusion>-->
<!--          <artifactId>strati-af-spi</artifactId>-->
<!--          <groupId>io.strati</groupId>-->
<!--        </exclusion>-->
<!--        <exclusion>-->
<!--          <artifactId>strati-af-api</artifactId>-->
<!--          <groupId>io.strati</groupId>-->
<!--        </exclusion>-->
<!--      </exclusions>-->
<!--    </dependency>-->
    <dependency>
      <groupId>javax.servlet</groupId>
      <artifactId>javax.servlet-api</artifactId>
      <version>3.1.0</version>
      <scope>provided</scope>
    </dependency>
    <dependency>
      <groupId>io.strati</groupId>
      <artifactId>strati-af-txn-marking-impl</artifactId>
      <version>${strati-af-txn-marking-impl.version}</version>
      <scope>provided</scope>
      <exclusions>
        <exclusion>
          <artifactId>strati-af-api</artifactId>
          <groupId>io.strati</groupId>
        </exclusion>
        <exclusion>
          <artifactId>strati-af-configuration-api</artifactId>
          <groupId>io.strati</groupId>
        </exclusion>
        <exclusion>
          <artifactId>strati-af-metrics-api</artifactId>
          <groupId>io.strati</groupId>
        </exclusion>
      </exclusions>
    </dependency>
    <dependency>
      <groupId>org.slf4j</groupId>
      <artifactId>slf4j-api</artifactId>
      <version>1.7.12</version>
      <scope>provided</scope>
    </dependency>
    <dependency>
      <groupId>org.slf4j</groupId>
      <artifactId>slf4j-simple</artifactId>
      <version>1.7.12</version>
      <scope>provided</scope>
    </dependency>
    <dependency>
      <groupId>commons-logging</groupId>
      <artifactId>commons-logging</artifactId>
      <version>1.2</version>
      <scope>provided</scope>
    </dependency>
    <dependency>
      <groupId>org.projectlombok</groupId>
      <artifactId>lombok</artifactId>
      <version>1.16.16</version>
      <scope>provided</scope>
    </dependency>
    <dependency>
      <groupId>com.fasterxml.jackson.datatype</groupId>
      <artifactId>jackson-datatype-jsr310</artifactId>
      <version>2.8.6</version>
      <scope>provided</scope>
    </dependency>
  </dependencies>
  <dependencyManagement>
    <dependencies>
      <dependency>
        <groupId>io.strati</groupId>
        <artifactId>strati-af-tomcat8-bom</artifactId>
        <version>${strati.boms.version}</version>
        <type>pom</type>
        <scope>import</scope>
      </dependency>
      <dependency>
        <groupId>io.strati</groupId>
        <artifactId>strati-af-spring4-bom</artifactId>
        <version>${strati.boms.version}</version>
        <type>pom</type>
        <scope>import</scope>
      </dependency>
    </dependencies>
  </dependencyManagement>
</project>

