[

        {
            "id": "300145219",
            "partitionKey": "US_US:45219",
            "requesterInfo": {
                "requesterId": 502271,
                "name": "TO-ADAPTER",
                "requesterType": "VENDOR",
                "contactInfo": null
            },
            "externalMetadata": [
                {
                    "key": "poType",
                    "value": "3",
                    "targetSystems": [
                        "SHIPMENT"
                    ]
                },
                {
                    "key": "vendorDeptNbr",
                    "value": "20",
                    "targetSystems": [
                        "SHIPMENT"
                    ]
                },
                {
                    "key": "vendorNbr",
                    "value": "502271",
                    "targetSystems": [
                        "SHIPMENT"
                    ]
                },
                {
                    "key": "channelMethod",
                    "value": "1",
                    "targetSystems": [
                        "SHIPMENT"
                    ]
                },
                {
                    "key": "backhaulInd",
                    "value": "N",
                    "targetSystems": [
                        "SHIPMENT"
                    ]
                },
                {
                    "key": "baseDivision",
                    "value": "1",
                    "targetSystems": [
                        "SHIPMENT"
                    ]
                }
            ],
            "plans": null,
            "comments": null,
            "sequenceNo": null,
            "unitDetails": {
                "productCount": null,
                "minTemp": null,
                "maxTemp": null,
                "hazmatFlag": false,
                "mode": "SMPK",
                "shuntFlag": null,
                "lateBookedFlag": null,
                "coManagedBy": null,
                "pickUpNbr": null,
                "ibob": null,
                "distroType": null,
                "channelType": null,
                "market": null,
                "owner": null,
                "programType": null,
                "paymentTerms": "COLLECT",
                "totalHazmatWeight": null,
                "totalCost": null,
                "ladenLength": {
                    "unitOfMeasure": "FT",
                    "measurementValue": 8.667
                },
                "slips": null,
                "commodity": "128",
                "protectionLevel": null,
                "serviceLevel": null,
                "loadingDetails": {
                    "loadingMethod": "PALLET",
                    "maxStackPositions": 5,
                    "partialPalletFlag": null
                },
                "planningAttributes": null,
                "totalCases": {
                    "unitOfMeasure": "EA",
                    "measurementValue": 113.0
                },
                "totalWeight": {
                    "unitOfMeasure": "LBS",
                    "measurementValue": 1715.0
                },
                "totalCube": {
                    "unitOfMeasure": "CUFT",
                    "measurementValue": 205.0
                },
                "totalLength": null,
                "totalWidth": null,
                "totalHeight": null,
                "totalPallets": {
                    "unitOfMeasure": "PLT",
                    "measurementValue": 5
                },
                "totalVolume": null,
                "totalSlips": null,
                "totalWMSPallets": null,
                "idealTemp": null,
                "temperatureToleranceMins": null,
                "unitTypeCode": null,
                "appointment": null
            },
            "poDetails": [
                {
                    "id": "0518945294",
                    "status": null,
                    "source": null
                }
            ],
            "products": null,
            "schedule": {
                "minPickupTs": "2025-03-21T00:00:00.000+00:00",
                "maxPickupTs": "2025-03-24T23:58:00.000+00:00",
                "actualPickupTs": null,
                "minDueTs": "2025-03-24T00:01:00.000+00:00",
                "maxDueTs": "2025-03-24T23:59:00.000+00:00",
                "actualDeliveryTs": null,
                "mabdTs": "2025-03-24T23:59:00.504-05:00",
                "cancelTs": null,
                "plannedDueDate": null,
                "bookingCutOff": null,
                "bookingDate": null,
                "dnsb": "2025-03-21T23:59:00.533-05:00",
                "dnsa": "2025-03-23T23:59:00.533-05:00",
                "readyByDate": "2025-03-21T23:59:00.533-05:00"
            },
            "equipment": null,
            "references": [
                {
                    "referenceId": 380173035,
                    "referenceStatus": null,
                    "referenceKey": "eventAbbr",
                    "referenceValue": "POSREPWKXX",
                    "referenceValueType": null
                },
                {
                    "referenceId": 677067536,
                    "referenceStatus": null,
                    "referenceKey": "omsPoNbr",
                    "referenceValue": "518945294",
                    "referenceValueType": null
                },
                {
                    "referenceId": 217120699,
                    "referenceStatus": null,
                    "referenceKey": "vendorAgreementNbr",
                    "referenceValue": "502271200",
                    "referenceValueType": null
                },
                {
                    "referenceId": 108,
                    "referenceStatus": null,
                    "referenceKey": "businessCategory",
                    "referenceValue": "WM",
                    "referenceValueType": null
                }
            ],
            "identifiers": {
                "clientReferenceUnitId": "900145219",
                "groupNbr": "221659865",
                "groupNumber": 221659865,
                "deliveryOrderId": 751645219,
                "purchaseOrderIds": null,
                "tenantId": "US_US",
                "unitId": 300145219,
                "requestId": null
            },
            "locations": {
                "origin": {
                    "sequenceNbr": null,
                    "locationId": 50227106,
                    "locationType": "VNDR",
                    "countryCode": null,
                    "latitude": null,
                    "longitude": null,
                    "locationName": null,
                    "addressLine1": null,
                    "addressLine2": null,
                    "province": null,
                    "city": "GROVE CITY",
                    "postalCode": "43123",
                    "region": null,
                    "externalLocationId": null,
                    "olsenTimezoneId": "America/Toronto",
                    "timeZoneCode": "EDT",
                    "zip3": null,
                    "zone": null,
                    "regions": null,
                    "businessUnitDesc": null,
                    "businessUnitCode": null,
                    "buLocClassCode": null,
                    "dcCategoryCd": null,
                    "palletsPerLoad": null,
                    "buildingName": null,
                    "state": "OH",
                    "country": null,
                    "zip_code": "43123"
                },
                "destination": {
                    "sequenceNbr": null,
                    "locationId": 6280,
                    "locationType": "DC",
                    "countryCode": null,
                    "latitude": null,
                    "longitude": null,
                    "locationName": null,
                    "addressLine1": null,
                    "addressLine2": null,
                    "province": null,
                    "city": "PLAINFIELD",
                    "postalCode": "46168",
                    "region": null,
                    "externalLocationId": null,
                    "olsenTimezoneId": "America/New_York",
                    "timeZoneCode": "EDT",
                    "zip3": null,
                    "zone": null,
                    "regions": null,
                    "businessUnitDesc": null,
                    "businessUnitCode": "Q4",
                    "buLocClassCode": null,
                    "dcCategoryCd": "42",
                    "palletsPerLoad": null,
                    "buildingName": null,
                    "state": "IN",
                    "country": null,
                    "zip_code": "46168"
                },
                "chargeLocation": null
            },
            "provenance": {
                "createdTs": "2025-03-20T12:53:15.846+00:00",
                "lastUpdatedTs": "2025-03-20T12:53:46.141+00:00",
                "createdByUserId": "AUTOMATION",
                "createdByUserName": "AUTOMATION",
                "lastUpdatedByUserId": "AUTOMATION",
                "lastUpdatedByUserName": "AUTOMATION",
                "lastStatusChangeTs": null,
                "createdSourceSystem": "Autoready",
                "lastUpdatedSourceSystem": "TO_EVENT"
            },
            "shadowModeType": null,
            "unitStatus": "UNPLANNED",
            "priority": null,
            "etag": "\"3700b70a-0000-0500-0000-67dc0fda0000\"",
            "ladenLength": null,
            "allEmpty": false
        },
        {
            "id": "300245219",
            "partitionKey": "US_US:45219",
            "requesterInfo": {
                "requesterId": 502271,
                "name": "TO-ADAPTER",
                "requesterType": "VENDOR",
                "contactInfo": null
            },
            "externalMetadata": [
                {
                    "key": "poType",
                    "value": "3",
                    "targetSystems": [
                        "SHIPMENT"
                    ]
                },
                {
                    "key": "vendorDeptNbr",
                    "value": "20",
                    "targetSystems": [
                        "SHIPMENT"
                    ]
                },
                {
                    "key": "vendorNbr",
                    "value": "502271",
                    "targetSystems": [
                        "SHIPMENT"
                    ]
                },
                {
                    "key": "channelMethod",
                    "value": "1",
                    "targetSystems": [
                        "SHIPMENT"
                    ]
                },
                {
                    "key": "backhaulInd",
                    "value": "N",
                    "targetSystems": [
                        "SHIPMENT"
                    ]
                },
                {
                    "key": "baseDivision",
                    "value": "1",
                    "targetSystems": [
                        "SHIPMENT"
                    ]
                }
            ],
            "plans": null,
            "comments": null,
            "sequenceNo": null,
            "unitDetails": {
                "productCount": null,
                "minTemp": null,
                "maxTemp": null,
                "hazmatFlag": false,
                "mode": "SMPK",
                "shuntFlag": null,
                "lateBookedFlag": null,
                "coManagedBy": null,
                "pickUpNbr": null,
                "ibob": null,
                "distroType": null,
                "channelType": null,
                "market": null,
                "owner": null,
                "programType": null,
                "paymentTerms": "COLLECT",
                "totalHazmatWeight": null,
                "totalCost": null,
                "ladenLength": {
                    "unitOfMeasure": "FT",
                    "measurementValue": 8.667
                },
                "slips": null,
                "commodity": "128",
                "protectionLevel": null,
                "serviceLevel": null,
                "loadingDetails": {
                    "loadingMethod": "PALLET",
                    "maxStackPositions": 5,
                    "partialPalletFlag": null
                },
                "planningAttributes": null,
                "totalCases": {
                    "unitOfMeasure": "EA",
                    "measurementValue": 113.0
                },
                "totalWeight": {
                    "unitOfMeasure": "LBS",
                    "measurementValue": 1715.0
                },
                "totalCube": {
                    "unitOfMeasure": "CUFT",
                    "measurementValue": 205.0
                },
                "totalLength": null,
                "totalWidth": null,
                "totalHeight": null,
                "totalPallets": {
                    "unitOfMeasure": "PLT",
                    "measurementValue": 5
                },
                "totalVolume": null,
                "totalSlips": null,
                "totalWMSPallets": null,
                "idealTemp": null,
                "temperatureToleranceMins": null,
                "unitTypeCode": null,
                "appointment": null
            },
            "poDetails": [
                {
                    "id": "0518945294",
                    "status": null,
                    "source": null
                }
            ],
            "products": null,
            "schedule": {
                "minPickupTs": "2025-03-21T00:00:00.000+00:00",
                "maxPickupTs": "2025-03-24T23:58:00.000+00:00",
                "actualPickupTs": null,
                "minDueTs": "2025-03-24T00:01:00.000+00:00",
                "maxDueTs": "2025-03-24T23:59:00.000+00:00",
                "actualDeliveryTs": null,
                "mabdTs": "2025-03-24T23:59:00.504-05:00",
                "cancelTs": null,
                "plannedDueDate": null,
                "bookingCutOff": null,
                "bookingDate": null,
                "dnsb": "2025-03-21T23:59:00.533-05:00",
                "dnsa": "2025-03-23T23:59:00.533-05:00",
                "readyByDate": "2025-03-21T23:59:00.533-05:00"
            },
            "equipment": null,
            "references": [
                {
                    "referenceId": 380173035,
                    "referenceStatus": null,
                    "referenceKey": "eventAbbr",
                    "referenceValue": "POSREPWKXX",
                    "referenceValueType": null
                },
                {
                    "referenceId": 677067536,
                    "referenceStatus": null,
                    "referenceKey": "omsPoNbr",
                    "referenceValue": "518945294",
                    "referenceValueType": null
                },
                {
                    "referenceId": 217120699,
                    "referenceStatus": null,
                    "referenceKey": "vendorAgreementNbr",
                    "referenceValue": "502271200",
                    "referenceValueType": null
                },
                {
                    "referenceId": 109,
                    "referenceStatus": null,
                    "referenceKey": "businessCategory",
                    "referenceValue": "WM",
                    "referenceValueType": null
                }
            ],
            "identifiers": {
                "clientReferenceUnitId": "900145219",
                "groupNbr": "221659865",
                "groupNumber": 221659865,
                "deliveryOrderId": 751645219,
                "purchaseOrderIds": null,
                "tenantId": "US_US",
                "unitId": 300245219,
                "requestId": null
            },
            "locations": {
                "origin": {
                    "sequenceNbr": null,
                    "locationId": 50227106,
                    "locationType": "VNDR",
                    "countryCode": null,
                    "latitude": null,
                    "longitude": null,
                    "locationName": null,
                    "addressLine1": null,
                    "addressLine2": null,
                    "province": null,
                    "city": "GROVE CITY",
                    "postalCode": "43123",
                    "region": null,
                    "externalLocationId": null,
                    "olsenTimezoneId": "America/Toronto",
                    "timeZoneCode": "EDT",
                    "zip3": null,
                    "zone": null,
                    "regions": null,
                    "businessUnitDesc": null,
                    "businessUnitCode": null,
                    "buLocClassCode": null,
                    "dcCategoryCd": null,
                    "palletsPerLoad": null,
                    "buildingName": null,
                    "state": "OH",
                    "country": null,
                    "zip_code": "43123"
                },
                "destination": {
                    "sequenceNbr": null,
                    "locationId": 6280,
                    "locationType": "DC",
                    "countryCode": null,
                    "latitude": null,
                    "longitude": null,
                    "locationName": null,
                    "addressLine1": null,
                    "addressLine2": null,
                    "province": null,
                    "city": "PLAINFIELD",
                    "postalCode": "46168",
                    "region": null,
                    "externalLocationId": null,
                    "olsenTimezoneId": "America/New_York",
                    "timeZoneCode": "EDT",
                    "zip3": null,
                    "zone": null,
                    "regions": null,
                    "businessUnitDesc": null,
                    "businessUnitCode": "Q4",
                    "buLocClassCode": null,
                    "dcCategoryCd": "42",
                    "palletsPerLoad": null,
                    "buildingName": null,
                    "state": "IN",
                    "country": null,
                    "zip_code": "46168"
                },
                "chargeLocation": null
            },
            "provenance": {
                "createdTs": "2025-03-20T12:53:15.957+00:00",
                "lastUpdatedTs": "2025-03-20T12:53:46.158+00:00",
                "createdByUserId": "AUTOMATION",
                "createdByUserName": "AUTOMATION",
                "lastUpdatedByUserId": "AUTOMATION",
                "lastUpdatedByUserName": "AUTOMATION",
                "lastStatusChangeTs": null,
                "createdSourceSystem": "Autoready",
                "lastUpdatedSourceSystem": "TO_EVENT"
            },
            "shadowModeType": null,
            "unitStatus": "UNPLANNED",
            "priority": null,
            "etag": "\"3700b80a-0000-0500-0000-67dc0fda0000\"",
            "ladenLength": null,
            "allEmpty": false
        }
    
]
 
 