{
  "baseURL": "http://stride-orchestrator.wcnp.stg-scus-ca.walmart.com/api/stride/",
  "headers": {
    "Content-Type": "application/json",
    "WM_CONSUMER.ID": "261697c9-691a-4699-8f08-3be7c914dd54",
    "WM_SVC.NAME": "STRIDE-UI-ORCHESTRATOR",
    "WM_SVC.ENV": "stgCA",
    "sourceSystem": "STRIDE_UI"
  },
  "routes": {
    "planPreview": {
      "POST": {
        "path": "plan/multisearch"
      }
    },
    "tripPreview": {
      "POST": {
        "path": "plan/multisearch"
      }
    },
    "autoTender": {
      "POST": {
        "path": "assigncarrier/${planId}",
        "method": "POST"
      }
    },
    "getEquipmentDrivers": {
      "POST": {
        "path": "driver/equipment/fetch",
        "method": "POST"
      }
    },
    "validateDriver": {
      "POST": {
        "path": "resourceAssignment/validate/23452435",
        "method": "POST"
      }
    },
    "workloadStaticData": {
      "POST": {
        "path": "staticData",
        "method": "POST"
      }
    },
    "fetchCarrierData": {
      "POST": {
        "path": "carrier/details/fetch",
        "method": "POST"
      }
    },
    "assignWorkload": {
      "POST": {
        "path": "workload/assign/${planId}",
        "method": "POST"
      }
    },
    "ddStatusChange": {
      "POST": {
        "path": "plan/approveDummy",
        "method":"PUT"
      }
    },
    "approveStatusChange": {
      "POST": {
        "path": "v2/plan/approve",
        "method":"PUT"
      }
    },
    "assignTrip": {
      "POST": {
        "path": "/trip/plan/attach",
        "method":"PUT"
      }
    },
    "getDriversEqps": {
      "POST": {
        "path": "orchestrator/mdm/equipmentdrivers"
      }
    },
    "workLoadAssignment": {
      "POST": {
        "path": "tripmanagement/workloadAsignment"
      }
    },
    "staticData": {
      "POST": {
        "path": "order/staticdata/get",
        "method": "POST"
      }
    },
    "getPlanPreview": {
      "POST": {
        "path": "plan/multisearch",
        "method": "POST"
      }
    },
    "getPlanPreviewAll": {
      "POST": {
        "path": "tripcarrier/search",
        "method": "POST"
      }
    },
    "tripDetails": {
      "POST": {
        "path": "tripmgmt/gettripdetails/${planId}",
        "method": "GET"
      }
    },
    "loadDetails": {
      "POST": {
        "path": "tripmgmt/loaddetails/${planId}",
        "method": "GET"
      }
    },
    "validateEquipment": {
      "POST": {
        "path": "equipment/fetch/validate/${planId}",
        "method": "POST"
      }
    },
    "assignResource": {
      "POST": {
        "path": "resourceAssignment/update",
        "method": "POST"
      }
    },
    "approveAssignment": {
      "POST": {
        "path": "dispatch/${planId}/approveResourceAssignment",
        "method": "POST"
      }
    },
    "markInTransitDelivered": {
      "POST": {
        "path": "dispatch/${planId}/executionStatus",
        "method": "POST"
      }
    },
    "addComments": {
      "POST": {
        "path": "plan/addcomments/${planId}/comments",
        "method": "POST"
      }
    },
    "updateComments": {
      "POST": {
        "path": "plan/updatecomments/${planId}/comments",
        "method": "PUT"
      }
    },
    "deletecomments": {
      "POST": {
        "path": "plan/deletecomments/${planId}/comments/${commentId}",
        "method": "DELETE"
      }
    },
    "approvePlans": {
      "POST": {
        "path": "v2/plan/approve",
        "method": "PUT"
      }
    },
    "removeLoadFromTrip": {
      "POST": {
        "path": "trip/plan/detach",
        "method": "PUT"
      }
    },
    "initiateInvoice": {
      "POST": {
        "path": "finance/trip/status",
        "method": "POST"
      }
    },
    "tenderResource": {
      "POST": {
        "path": "tender/resource/{planId}"
      }
    }
  }
}
