{
  "projectName": "dms-perf",
  "request": [
    {
      "transactionName": "DMS_PERF_TEST",
      "rampUp": {
        "totalVU": 10,
        "startVU": 5,
        "rampupvu": 5,
        "rampduration": 1,
        "holdrampup": 0,
        "duration": 1
      },
      "api": [
        {
          "name": "dms_get_driver_by_driver_id",
          "method": "GET",
          "url": "http://dms.stg.walmart.com/api/dms/driver/101/${driverUserId}",
          "datafiles": [
            {
              "name": "dms_get_driver_by_driver_id.csv",
              "variables": "driverUserId"
            }
          ],
          "headers": {
            "Accept": "application/json",
            "WM_CONSUMER.TENANT_ID": "0",
            "WM_CONSUMER.VERTICAL_ID": "2",
            "WM_CONSUMER.ID": "fd509020-a744-4ede-975c-3490a7995de1",
            "WM_QOS.CORRELATION_ID": "b726ac42-4133-4cdb-9c8f-8494218258cd",
            "WM_SVC.ENV": "stg",
            "WM_SVC.NAME": "lastmile-dms",
            "WM_SVC.VERSION": "2.0.0",
            "x-firstName": "Bhavana",
            "x-lastName": "Tumma",
            "x-userName": "b0t010q",
            "Content-Type": "application/json"
          }
        },
        {
          "name": "dms_get_driver_calendar_job_status",
          "method": "GET",
          "url": "http://dms.stg.walmart.com/api/dms/newjobs/status/DRIVER_CALENDAR_JOB",
          "datafiles": [],
          "headers": {
            "Accept": "application/json",
            "WM_CONSUMER.TENANT_ID": "0",
            "WM_CONSUMER.VERTICAL_ID": "2",
            "WM_CONSUMER.ID": "fd509020-a744-4ede-975c-3490a7995de1",
            "WM_QOS.CORRELATION_ID": "b726ac42-4133-4cdb-9c8f-8494218258cd",
            "WM_SVC.ENV": "stg",
            "WM_SVC.NAME": "lastmile-dms",
            "WM_SVC.VERSION": "2.0.0",
            "x-firstName": "Bhavana",
            "x-lastName": "Tumma",
            "x-userName": "b0t010q",
            "Content-Type": "application/json"
          }
        },
        {
          "name": "dms_get_driver_streaming_job_status",
          "method": "GET",
          "url": "http://dms.stg.walmart.com/api/dms/newjobs/status/DRIVER_STREAMING_JOB",
          "datafiles": [],
          "headers": {
            "Accept": "application/json",
            "WM_CONSUMER.TENANT_ID": "0",
            "WM_CONSUMER.VERTICAL_ID": "2",
            "WM_CONSUMER.ID": "fd509020-a744-4ede-975c-3490a7995de1",
            "WM_QOS.CORRELATION_ID": "b726ac42-4133-4cdb-9c8f-8494218258cd",
            "WM_SVC.ENV": "stg",
            "WM_SVC.NAME": "lastmile-dms",
            "WM_SVC.VERSION": "2.0.0",
            "x-firstName": "Bhavana",
            "x-lastName": "Tumma",
            "x-userName": "b0t010q",
            "Content-Type": "application/json"
          }
        },
        {
          "name": "dms_get_store_config_for_store",
          "method": "GET",
          "url": "http://dms.stg.walmart.com/api/dms/store/${storeId}",
          "datafiles": [
            {
              "name": "dms_get_store_config_for_store.csv",
              "variables": "storeId"
            }
          ],
          "headers": {
            "Accept": "application/json",
            "WM_CONSUMER.TENANT_ID": "0",
            "WM_CONSUMER.VERTICAL_ID": "2",
            "WM_CONSUMER.ID": "fd509020-a744-4ede-975c-3490a7995de1",
            "WM_QOS.CORRELATION_ID": "b726ac42-4133-4cdb-9c8f-8494218258cd",
            "WM_SVC.ENV": "stg",
            "WM_SVC.NAME": "lastmile-dms",
            "WM_SVC.VERSION": "2.0.0",
            "x-firstName": "Bhavana",
            "x-lastName": "Tumma",
            "x-userName": "b0t010q",
            "Content-Type": "application/json"
          }
        },
        {
          "name": "dms_get_driver_availibilty_by_store_manual_suggestion",
          "method": "POST",
          "url": "http://dms.stg.walmart.com/api/dms/driver/availability/101/store",
          "datafiles": [
            {
              "name": "dms_get_store_config_for_store.csv",
              "variables": "storeId1"
            }
          ],
          "headers": {
            "Accept": "application/json",
            "WM_CONSUMER.TENANT_ID": "0",
            "WM_CONSUMER.VERTICAL_ID": "2",
            "WM_CONSUMER.ID": "fd509020-a744-4ede-975c-3490a7995de1",
            "WM_QOS.CORRELATION_ID": "b726ac42-4133-4cdb-9c8f-8494218258cd",
            "WM_SVC.ENV": "stg",
            "WM_SVC.NAME": "lastmile-dms",
            "WM_SVC.VERSION": "2.0.0",
            "x-firstName": "Bhavana",
            "x-lastName": "Tumma",
            "x-userName": "b0t010q",
            "Content-Type": "application/json"
          },
          "body": {
            "payload": {
              "storeId": "${storeId1}",
              "slots": [
                {
                  "startTime": "2020-09-14T16:00:00+00:00",
                  "endTime": "2020-09-14T17:00:00+00:00"
                }
              ],
              "caller": "dispatcher-cron",
              "includeAlreadyPublishedDrivers": true
            }
          }
        },
        {
          "name": "dms_get_driver_availibilty_by_store_RR",
          "method": "POST",
          "url": "http://dms.stg.walmart.com/api/dms/driver/availability/v2/101/store",
          "datafiles": [
            {
              "name": "dms_get_store_config_for_store.csv",
              "variables": "storeId1"
            }
          ],
          "headers": {
            "Accept": "application/json",
            "WM_CONSUMER.TENANT_ID": "0",
            "WM_CONSUMER.VERTICAL_ID": "2",
            "WM_CONSUMER.ID": "b726ac42-4133-4cdb-9c8f-8494218258cd",
            "WM_QOS.CORRELATION_ID": "b726ac42-4133-4cdb-9c8f-8494218258cd",
            "WM_SVC.ENV": "stg",
            "WM_SVC.NAME": "lastmile-dms",
            "WM_SVC.VERSION": "1.0.0",
            "x-firstName": "Bhavana",
            "x-lastName": "T",
            "x-userName": "b0t010q",
            "Content-Type": "application/json"
          },
          "body": {
            "stores": ["${storeId1}"],
            "startTime": "2020-09-14T16:00:00+00:00",
            "endTime": "2020-09-14T17:00:00+00:00",
            "caller": "dispatcher-cron"
          }
        },
        {
          "name": "dms_get_driver_by_id",
          "method": "GET",
          "url": "http://dms.stg.walmart.com/api/dms/driver/driverbyid/${driverUserId}",
          "datafiles": [
            {
              "name": "dms_get_driver_by_driver_id.csv",
              "variables": "driverUserId"
            }
          ],
          "headers": {
            "Accept": "application/json",
            "WM_CONSUMER.TENANT_ID": "0",
            "WM_CONSUMER.VERTICAL_ID": "2",
            "WM_CONSUMER.ID": "fd509020-a744-4ede-975c-3490a7995de1",
            "WM_QOS.CORRELATION_ID": "b726ac42-4133-4cdb-9c8f-8494218258cd",
            "WM_SVC.ENV": "stg",
            "WM_SVC.NAME": "lastmile-dms",
            "WM_SVC.VERSION": "2.0.0",
            "x-firstName": "Bhavana",
            "x-lastName": "Tumma",
            "x-userName": "b0t010q",
            "Content-Type": "application/json"
          }
        },
        {
          "name": "dms_update_user_with_update_driver_payload",
          "method": "PUT",
          "url": "http://dms.stg.walmart.com/api/dms/driver/101/${driverUserId}",
          "datafiles": [
            {
              "name": "dms_get_driver_by_driver_id.csv",
              "variables": "driverUserId"
            }
          ],
          "headers": {
            "Accept": "application/json",
            "WM_CONSUMER.TENANT_ID": "0",
            "WM_CONSUMER.VERTICAL_ID": "2",
            "WM_CONSUMER.ID": "fd509020-a744-4ede-975c-3490a7995de1",
            "WM_QOS.CORRELATION_ID": "b726ac42-4133-4cdb-9c8f-8494218258cd",
            "WM_SVC.ENV": "stg",
            "WM_SVC.NAME": "lastmile-dms",
            "WM_SVC.VERSION": "2.0.0",
            "x-firstName": "Bhavana",
            "x-lastName": "Tumma",
            "x-userName": "b0t010q",
            "Content-Type": "application/json"
          },
          "body": {
            "payload": {
              "active": true,
              "suspend": false,
              "deactivatedReasonCode": "DMS101",
              "suspendedReasonCode": "DMS202",
              "updatedBy": "a0d02yr"
            }
          }
        },
        {
          "name": "dms_driver_feedback",
          "method": "POST",
          "url": "http://dms.stg.walmart.com/api/dms/driver/feedback",
          "datafiles": [
            {
              "name": "dms_driver_feedback.csv",
              "variables": "driverUserId,storeId1"
            }
          ],
          "headers": {
            "Accept": "application/json",
            "WM_CONSUMER.TENANT_ID": "0",
            "WM_CONSUMER.VERTICAL_ID": "2",
            "WM_CONSUMER.ID": "fd509020-a744-4ede-975c-3490a7995de1",
            "WM_QOS.CORRELATION_ID": "b726ac42-4133-4cdb-9c8f-8494218258cd",
            "WM_SVC.ENV": "stg",
            "WM_SVC.NAME": "lastmile-dms",
            "WM_SVC.VERSION": "2.0.0",
            "x-firstName": "Bhavana",
            "x-lastName": "Tumma",
            "x-userName": "b0t010q",
            "Content-Type": "application/json"
          },
          "body": {
            "payload": {
              "driverUserId": "${driverUserId}",
              "storeId": "${storeId1}",
              "tripId": "8aa5e1ef678dbee801679c47f4ee05a7",
              "orderId": "7615189470844",
              "sentiment": "POSITIVE",
              "comments": "Good service"
            }
          }
        },
        {
          "name": "dms_paginated_API_to_get_drivers",
          "method": "GET",
          "url": "http://dms.stg.walmart.com/api/dms/driver/101/list?pageno=0&pagesize=10&status=APPROVED&createdTimeGT=01-01-2020&createdTimeLT=14-09-2020",
          "datafiles": [],
          "headers": {
            "Accept": "application/json",
            "WM_CONSUMER.TENANT_ID": "0",
            "WM_CONSUMER.VERTICAL_ID": "2",
            "WM_CONSUMER.ID": "fd509020-a744-4ede-975c-3490a7995de1",
            "WM_QOS.CORRELATION_ID": "b726ac42-4133-4cdb-9c8f-8494218258cd",
            "WM_SVC.ENV": "stg",
            "WM_SVC.NAME": "lastmile-dms",
            "WM_SVC.VERSION": "2.0.0",
            "x-firstName": "Bhavana",
            "x-lastName": "Tumma",
            "x-userName": "b0t010q",
            "Content-Type": "application/json"
          }
        },
        {
          "name": "dms_get_drivers_for_stores",
          "method": "GET",
          "url": "http://dms.stg.walmart.com/api/dms/driver/101/store/${storeId1}",
          "datafiles": [
            {
              "name": "dms_get_store_config_for_store.csv",
              "variables": "storeId1"
            }
          ],
          "headers": {
            "Accept": "application/json",
            "WM_CONSUMER.TENANT_ID": "0",
            "WM_CONSUMER.VERTICAL_ID": "2",
            "WM_CONSUMER.ID": "fd509020-a744-4ede-975c-3490a7995de1",
            "WM_QOS.CORRELATION_ID": "b726ac42-4133-4cdb-9c8f-8494218258cd",
            "WM_SVC.ENV": "stg",
            "WM_SVC.NAME": "lastmile-dms",
            "WM_SVC.VERSION": "2.0.0",
            "x-firstName": "Bhavana",
            "x-lastName": "Tumma",
            "x-userName": "b0t010q",
            "Content-Type": "application/json"
          }
        },
        {
          "name": "dms_get_causes_for_driver_feedback",
          "method": "GET",
          "url": "http://dms.stg.walmart.com/api/dms/driver/feedback-causes/en-US",
          "datafiles": [],
          "headers": {
            "Accept": "application/json",
            "WM_CONSUMER.TENANT_ID": "0",
            "WM_CONSUMER.VERTICAL_ID": "2",
            "WM_CONSUMER.ID": "fd509020-a744-4ede-975c-3490a7995de1",
            "WM_QOS.CORRELATION_ID": "b726ac42-4133-4cdb-9c8f-8494218258cd",
            "WM_SVC.ENV": "stg",
            "WM_SVC.NAME": "lastmile-dms",
            "WM_SVC.VERSION": "2.0.0",
            "x-firstName": "Bhavana",
            "x-lastName": "Tumma",
            "x-userName": "b0t010q",
            "Content-Type": "application/json"
          }
        },
        {
          "name": "dms_get_drivers_SCAC",
          "method": "GET",
          "url": "http://dms.stg.walmart.com/api/dms/driver/org/FMNA",
          "datafiles": [],
          "headers": {
            "Accept": "application/json",
            "WM_CONSUMER.TENANT_ID": "0",
            "WM_CONSUMER.VERTICAL_ID": "2",
            "WM_CONSUMER.ID": "fd509020-a744-4ede-975c-3490a7995de1",
            "WM_QOS.CORRELATION_ID": "b726ac42-4133-4cdb-9c8f-8494218258cd",
            "WM_SVC.ENV": "stg",
            "WM_SVC.NAME": "lastmile-dms",
            "WM_SVC.VERSION": "2.0.0",
            "x-firstName": "Bhavana",
            "x-lastName": "Tumma",
            "x-userName": "b0t010q",
            "Content-Type": "application/json"
          }
        },
        {
          "name": "dms_create_driver",
          "method": "POST",
          "url": "http://dms.stg.walmart.com/api/webhook/createdriver",
          "datafiles": [],
          "headers": {
            "Accept": "application/json",
            "WM_CONSUMER.TENANT_ID": "0",
            "WM_CONSUMER.VERTICAL_ID": "2",
            "WM_CONSUMER.ID": "fd509020-a744-4ede-975c-3490a7995de1",
            "WM_QOS.CORRELATION_ID": "b726ac42-4133-4cdb-9c8f-8494218258cd",
            "WM_SVC.ENV": "stg",
            "WM_SVC.NAME": "lastmile-dms",
            "WM_SVC.VERSION": "2.0.0",
            "x-firstName": "Bhavana",
            "x-lastName": "Tumma",
            "x-userName": "b0t010q",
            "Content-Type": "application/json"
          },
          "body": {
            "id": "8888888",
            "created_at": "2020-09-03T13:25:22.980",
            "first_name": "Suresh100",
            "last_name": "Rajendran",
            "email": "suresh100.rajendran@walmartlabs.com",
            "phone": "123-456-7890",
            "dob": "1984-01-01",
            "city": "Livermore",
            "vehicle_make": "BMW",
            "vehicle_model": "1000",
            "vehicle_color": "Black",
            "vehicle_year": "1900",
            "car_license_plate": "IND 2000",
            "vehicle_photo": "vehical_photo",
            "driver_photo": "driver_photo",
            "market_name": "Livermore",
            "driver_type": "REGULAR",
            "driver_license_no": "NY123",
            "driver_license_expiry_date": "2030-01-01",
            "ssn": "1234567890",
            "address":{
              "line1": "House 123",
              "city": "New York",
              "state": "New York",
              "zipcode":"234567",
              "country": "USA"
            },
            "failIfExists": false
          }
        },
        {
          "name": "dms_create_driver_onboard",
          "method": "POST",
          "url": "http://dms.stg.walmart.com/api/webhook/createdriver",
          "datafiles": [],
          "headers": {
            "Accept": "application/json",
            "WM_CONSUMER.TENANT_ID": "0",
            "WM_CONSUMER.VERTICAL_ID": "2",
            "WM_CONSUMER.ID": "fd509020-a744-4ede-975c-3490a7995de1",
            "WM_QOS.CORRELATION_ID": "b726ac42-4133-4cdb-9c8f-8494218258cd",
            "WM_SVC.ENV": "stg",
            "WM_SVC.NAME": "lastmile-dms",
            "WM_SVC.VERSION": "2.0.0",
            "x-firstName": "Bhavana",
            "x-lastName": "Tumma",
            "x-userName": "b0t010q",
            "Content-Type": "application/json"
          },
          "body": {
            "id":"Nitin.shivaram111@walmartlabs.com",
            "created_at" : "2020-09-14T09:56:33",
            "first_name" : "Nitin111",
            "last_name":"Shivaram111",
            "email" : "Nitin.shivaram111@walmartlabs.com",
            "phone":"08123226504",
            "city":"HomeOffice",
            "dob":"1988-10-10",
            "vehicle_make":"MAKE-1",
            "vehicle_model":"MODEL-1",
            "vehicle_color":"YELLOW",
            "vehicle_year":"2019",
            "car_license_plate":"XXX",
            "vehicle_photo":"VEHICLE.URL",
            "driver_photo":"PHOTO.URL",
            "failIfExists":null,
            "driver_type":"HOMEOFFICE",
            "market_name":"HomeOffice"
          }
        },
        {
          "name": "dms_update_driver_store",
          "method": "POST",
          "url": "http://dms.stg.walmart.com/api/driver/schedule/updateStore/101/${driverUserId}",
          "datafiles": [
            {
              "name": "dms_get_driver_by_driver_id.csv",
              "variables": "driverUserId"
            }
          ],
          "headers": {
            "Accept": "application/json",
            "WM_CONSUMER.TENANT_ID": "0",
            "WM_CONSUMER.VERTICAL_ID": "2",
            "WM_CONSUMER.ID": "fd509020-a744-4ede-975c-3490a7995de1",
            "WM_QOS.CORRELATION_ID": "b726ac42-4133-4cdb-9c8f-8494218258cd",
            "WM_SVC.ENV": "stg",
            "WM_SVC.NAME": "lastmile-dms",
            "WM_SVC.VERSION": "2.0.0",
            "x-firstName": "Bhavana",
            "x-lastName": "Tumma",
            "x-userName": "b0t010q",
            "Content-Type": "application/json"
          },
          "body": {
            "payload": {
              "storeId": [
                2322, 1841
              ],
              "cityOfInterest": "East Memphis",
              "market": "Walmart East Memphis",
              "updatedBy": "Admin"
            }
          }
        },
        {
          "name": "dms_get_drivers_schedule_for_a_particular_date_range",
          "method": "GET",
          "url": "http://dms.stg.walmart.com/api/driver/schedule/range?driverUserId=${driverUserId}&fromDate=2020-09-10T12:00:55.000Z&toDate=2020-09-14T12:00:55.000Z",
          "datafiles": [
            {
              "name": "dms_get_driver_by_driver_id.csv",
              "variables": "driverUserId"
            }
          ],
          "headers": {
            "Accept": "application/json",
            "WM_CONSUMER.TENANT_ID": "0",
            "WM_CONSUMER.VERTICAL_ID": "2",
            "WM_CONSUMER.ID": "fd509020-a744-4ede-975c-3490a7995de1",
            "WM_QOS.CORRELATION_ID": "b726ac42-4133-4cdb-9c8f-8494218258cd",
            "WM_SVC.ENV": "stg",
            "WM_SVC.NAME": "lastmile-dms",
            "WM_SVC.VERSION": "2.0.0",
            "x-firstName": "Bhavana",
            "x-lastName": "Tumma",
            "x-userName": "b0t010q",
            "Content-Type": "application/json"
          }
        },
        {
          "name": "dms_get_upcoming_week_schedule_for_the_driver",
          "method": "GET",
          "url": "http://dms.stg.walmart.com/api/driver/schedule/weekly?driverUserId=${driverUserId}",
          "datafiles": [
            {
              "name": "dms_get_driver_by_driver_id.csv",
              "variables": "driverUserId"
            }
          ],
          "headers": {
            "Accept": "application/json",
            "WM_CONSUMER.TENANT_ID": "0",
            "WM_CONSUMER.VERTICAL_ID": "2",
            "WM_CONSUMER.ID": "fd509020-a744-4ede-975c-3490a7995de1",
            "WM_QOS.CORRELATION_ID": "b726ac42-4133-4cdb-9c8f-8494218258cd",
            "WM_SVC.ENV": "stg",
            "WM_SVC.NAME": "lastmile-dms",
            "WM_SVC.VERSION": "2.0.0",
            "x-firstName": "Bhavana",
            "x-lastName": "Tumma",
            "x-userName": "b0t010q",
            "Content-Type": "application/json"
          }
        },
        {
          "name": "dms_get_upcoming_week_schedule_for_the_driver_v2",
          "method": "GET",
          "url": "https://dms.stg.walmart.com/api/driver/schedule/v2/weekly?driverUserId=${driverUserId}",
          "datafiles": [
            {
              "name": "dms_get_driver_by_driver_id.csv",
              "variables": "driverUserId"
            }
          ],
          "headers": {
            "Accept": "application/json",
            "WM_CONSUMER.TENANT_ID": "0",
            "WM_CONSUMER.VERTICAL_ID": "2",
            "WM_CONSUMER.ID": "fd509020-a744-4ede-975c-3490a7995de1",
            "WM_QOS.CORRELATION_ID": "b726ac42-4133-4cdb-9c8f-8494218258cd",
            "WM_SVC.ENV": "stg",
            "WM_SVC.NAME": "lastmile-dms",
            "WM_SVC.VERSION": "2.0.0",
            "x-firstName": "Bhavana",
            "x-lastName": "Tumma",
            "x-userName": "b0t010q",
            "Content-Type": "application/json"
          }
        },
        {
          "name": "dms_update_driver_schedule_v2",
          "method": "POST",
          "url": "https://dms.stg.walmart.com/api/driver/schedule/v2/save",
          "datafiles": [],
          "headers": {
            "Accept": "application/json",
            "WM_CONSUMER.TENANT_ID": "0",
            "WM_CONSUMER.VERTICAL_ID": "2",
            "WM_CONSUMER.ID": "fd509020-a744-4ede-975c-3490a7995de1",
            "WM_QOS.CORRELATION_ID": "b726ac42-4133-4cdb-9c8f-8494218258cd",
            "WM_SVC.ENV": "stg",
            "WM_SVC.NAME": "lastmile-dms",
            "WM_SVC.VERSION": "2.0.0",
            "x-firstName": "Bhavana",
            "x-lastName": "Tumma",
            "x-userName": "b0t010q",
            "Content-Type": "application/json"
          },
          "body": {
            "status": "OK",
            "payload": {
              "driverUserId": "nadiabmajor@hotmail.com",
              "driverTimeZone": "PST",
              "driverTimeZoneISO": "America/Los_Angeles",
              "firstName": "Jasuja",
              "lastName": "Ankit",
              "deliveryArea": {
                "areaName": "TestMarket",
                "stores": [{
                  "storeId": 272,
                  "timeZone": null,
                  "storeName": null,
                  "addressLine1": null,
                  "city": null,
                  "state": null,
                  "countryCode": null
                }]
              },
              "scheduleList": [{
                "dayOfWeek": "MONDAY",
                "isRecurring": true,
                "recurringPattern": "WEEKLY",
                "status": "AVAILABLE",
                "effectiveStartDate":"2020-04-06T21:23:21+00:00",
                "slots": [{
                  "slotName": "Afternoon",
                  "startTime": "12:00:00",
                  "endTime": "16:00:00",
                  "slotId": null
                },
                  {
                    "slotName": "Evening",
                    "startTime": "16:00:00",
                    "endTime": "20:00:00",
                    "slotId": null
                  },
                  {
                    "slotName": "CUSTOM",
                    "startTime": "11:00:00",
                    "endTime": "12:00:00",
                    "slotId": null
                  }
                ],
                "date": "2020-04-06"
              },
                {
                  "dayOfWeek": "TUESDAY",
                  "isRecurring": true,
                  "recurringPattern": "WEEKLY",
                  "status": "AVAILABLE",
                  "effectiveStartDate":"2020-04-06T21:23:21+00:00",
                  "slots": [{
                    "slotName": "Morning",
                    "startTime": "08:00:00",
                    "endTime": "12:00:00",
                    "slotId": null
                  },
                    {
                      "slotName": "Afternoon",
                      "startTime": "12:00:00",
                      "endTime": "16:00:00",
                      "slotId": null
                    },
                    {
                      "slotName": "Evening",
                      "startTime": "16:00:00",
                      "endTime": "20:00:00",
                      "slotId": null
                    },
                    {
                      "slotName": "Custom",
                      "startTime": "07:00:00",
                      "endTime": "08:00:00",
                      "slotId": null
                    }
                  ],
                  "date": "2020-04-07"
                },
                {
                  "dayOfWeek": "WEDNESDAY",
                  "isRecurring": true,
                  "recurringPattern": "WEEKLY",
                  "status": "AVAILABLE",
                  "effectiveStartDate":"2020-04-06T21:23:21+00:00",
                  "slots": [{
                    "slotName": "Morning",
                    "startTime": "08:00:00",
                    "endTime": "12:00:00",
                    "slotId": null
                  },
                    {
                      "slotName": "Afternoon",
                      "startTime": "12:00:00",
                      "endTime": "16:00:00",
                      "slotId": null
                    },
                    {
                      "slotName": "Evening",
                      "startTime": "16:00:00",
                      "endTime": "20:00:00",
                      "slotId": null
                    }
                  ],
                  "date": "2020-04-08"
                },
                {
                  "dayOfWeek": "THURSDAY",
                  "isRecurring": true,
                  "recurringPattern": "WEEKLY",
                  "status": "AVAILABLE",
                  "effectiveStartDate":"2020-04-06T21:23:21+00:00",
                  "slots": [{
                    "slotName": "Morning",
                    "startTime": "08:00:00",
                    "endTime": "12:00:00",
                    "slotId": null
                  },
                    {
                      "slotName": "Afternoon",
                      "startTime": "12:00:00",
                      "endTime": "16:00:00",
                      "slotId": null
                    },
                    {
                      "slotName": "Evening",
                      "startTime": "16:00:00",
                      "endTime": "20:00:00",
                      "slotId": null
                    }
                  ],
                  "date": "2020-04-09"
                },
                {
                  "dayOfWeek": "FRIDAY",
                  "isRecurring": true,
                  "recurringPattern": "WEEKLY",
                  "status": "AVAILABLE",
                  "effectiveStartDate":"2020-04-06T21:23:21+00:00",
                  "slots": [{
                    "slotName": "Morning",
                    "startTime": "08:00:00",
                    "endTime": "12:00:00",
                    "slotId": null
                  },
                    {
                      "slotName": "Afternoon",
                      "startTime": "12:00:00",
                      "endTime": "16:00:00",
                      "slotId": null
                    },
                    {
                      "slotName": "Evening",
                      "startTime": "16:00:00",
                      "endTime": "20:00:00",
                      "slotId": null
                    }
                  ],
                  "date": "2020-04-10"
                },
                {
                  "dayOfWeek": "SATURDAY",
                  "isRecurring": true,
                  "recurringPattern": "WEEKLY",
                  "status": "AVAILABLE",
                  "effectiveStartDate":"2020-04-06T21:23:21+00:00",
                  "slots": [{
                    "slotName": "Morning",
                    "startTime": "08:00:00",
                    "endTime": "12:00:00",
                    "slotId": null
                  },
                    {
                      "slotName": "Afternoon",
                      "startTime": "12:00:00",
                      "endTime": "16:00:00",
                      "slotId": null
                    },
                    {
                      "slotName": "Evening",
                      "startTime": "16:00:00",
                      "endTime": "20:00:00",
                      "slotId": null
                    }
                  ],
                  "date": "2020-04-11"
                },
                {
                  "dayOfWeek": "SUNDAY",
                  "isRecurring": true,
                  "recurringPattern": "WEEKLY",
                  "status": "AVAILABLE",
                  "effectiveStartDate":"2020-04-06T21:23:21+00:00",
                  "slots": [{
                    "slotName": "Morning",
                    "startTime": "08:00:00",
                    "endTime": "12:00:00",
                    "slotId": null
                  },
                    {
                      "slotName": "Afternoon",
                      "startTime": "12:00:00",
                      "endTime": "16:00:00",
                      "slotId": null
                    },
                    {
                      "slotName": "Evening",
                      "startTime": "16:00:00",
                      "endTime": "20:00:00",
                      "slotId": null
                    }
                  ],
                  "date": "2020-04-12"
                }
              ],
              "onboardedSchedule": true,
              "duration": {
                "hours": 81,
                "minutes": 0
              }
            }
          }
        }
      ]
    }
  ]
}