{
  "baseURL": "http://dev.stride-tms-core.walmart.com/v2/",
  "headers": {
    "Content-Type": "application/json",
    "WM_CONSUMER.ID": "261697c9-691a-4699-8f08-3be7c914dd54",
    "WM_SVC.NAME": "STRIDE-UI-ORCHESTRATOR",
    "WM_SVC.ENV": "stg100"
  },
  "routes": {
    "autoTender": {
      "POST": {
        "path": "assigncarrier/${planId}",
        "method": "PUT"
      }
    },
    "staticData": {
      "POST": {
        "path": "order/staticdata/get"
      }
    },
    "approveStatusChange": {
      "POST": {
        "path": "v2/plan/approve",
        "method":"PUT"
      }
    },
    "ddStatusChange": {
      "POST": {
        "path": "plan/approveDummy",
        "method":"PUT"
      }
    },
    "assignTrip": {
      "POST": {
        "path": "plan/attach",
        "method":"PUT"
      }
    }
  }
}
