{
  "baseURL": "https://cert-transportation.wal-mart.com/us/rlb-app/",
  "headers": {
    "Content-Type": "application/json"
  },
  "routes": {
    "planPreview": {
      "POST": {
        "path": "tripmanagement/preview"
      }
    },
    "tripPreview": {
      "POST": {
        "path": "tripmanagement/tripPreview"
      }
    },
    "staticData": {
      "POST": {
        "path": "tripmanagement/staticdata"
      }
    },
    "tripStatusChange": {
      "POST": {
        "path": "tripmanagement/approvetrip"
      }
    },
    "assignTrip": {
      "POST": {
        "path": "tripmanagement/assigntrip"
      }
    },
    "getDriversEqps": {
      "POST": {
        "path": "orchestrator/mdm/equipmentdrivers"
      }
    },
    "workLoadAssignment": {
      "POST": {
        "path": "tripmanagement/workloadAsignment"
      }
    },

    "actionApproveTrip": {
      "POST": {
        "path": "plan/action/approve"
      }
    },

    "actionCancelTrip": {
      "POST": {
        "path": "plan/action/cancel"
      }
    },

    "actionTripStatusChange": {
      "POST": {
        "path": "plan/action/status-change"
      }
    }
  }
}
