{"errors":
	{
		"DAO_LAYER":
			[
				{"code":"500.501","field":"field_1","description":"desc.dao.unexpected.error","info":"info.dao.unexpected.error","severity":"ERROR","category":"APPLICATION"},
				{"code":"500.502","field":"field_1","description":"desc.dao.constraint.violation.error","info":"info.dao.constraint.violation.error","severity":"ERROR","category":"APPLICATION"}
			],
		"DAL_LAYER":
		[
			{"code":"500.521","field":"field_1","description":"desc.dal.unexpected.error","info":"info.dal.unexpected.error","severity":"ERROR","category":"APPLICATION"}
		],
		"BUSINESS_LAYER":
			[	
				{"code":"500.551","field":"field_1","description":"desc.biz.unexpected.error","info":"info.biz.unexpected.error","severity":"ERROR","category":"APPLICATION"},
				{"code":"500.552","field":"field_1","description":"desc.biz.dozer.mapping","info":"info.biz.dozer.mapping","severity":"ERROR","category":"APPLICATION"},
				{"code":"500.303","field":"field_1","description":"desc.biz.driver.referrals.failure","info":"info.biz.driver.referrals.failure","severity":"ERROR","category":"APPLICATION"},
				{"code":"500.302","field":"field_1","description":"desc.biz.driver.referrals.failure","info":"info.biz.usap.api.failure","severity":"ERROR","category":"APPLICATION"},
				{"code":"500.305","field":"field_1","description":"desc.biz.driver.invalid.vendor.response","info":"info.biz.driver.invalid.vendor.response","severity":"ERROR","category":"APPLICATION"},
				{"code":"500.506","field":"field_1","description":"desc.biz.driver.iam.failure","info":"info.biz.driver.iam.failure","severity":"ERROR","category":"APPLICATION"},
				{"code":"500.581","field":"field_1","description":"desc.biz.driver.iam.otp.validation.failed","info":"info.biz.driver.iam.otp.validation.failed","severity":"ERROR","category":"APPLICATION"},
				{"code":"500.582","field":"field_1","description":"desc.biz.driver.iam.otp.generation.failed","info":"info.biz.driver.iam.otp.generation.failed","severity":"ERROR","category":"APPLICATION"},
				{"code":"500.306","field":"field_1","description":"desc.biz.driver.trip.executor.unreachable","info":"info.biz.driver.trip.executor.unreachable","severity":"ERROR","category":"APPLICATION"},

				{"code":"404.001","field":"","description":"desc.biz.invalid.resource","info":"info.biz.invalid.resource","severity":"ERROR","category":"APPLICATION"},
				{"code":"404.002","field":"","description":"desc.biz.driver.payment.account.not.found","info":"info.biz.driver.payment.account.not.found","severity":"ERROR","category":"APPLICATION"},
				{"code":"404.003","field":"","description":"desc.biz.store.ratecard.not.found","info":"info.biz.store.ratecard.not.found","severity":"ERROR","category":"APPLICATION"},
				{"code":"404.004","field":"","description":"desc.biz.driver.trip.details.delivered.event.not.found","info":"info.biz.driver.trip.details.delivered.event.not.found","severity":"ERROR","category":"APPLICATION"},
				{"code":"404.005","field":"","description":"desc.biz.driver.tip.payment.duplicate.event","info":"info.biz.driver.tip.payment.duplicate.event","severity":"ERROR","category":"APPLICATION"},
				{"code":"400.006","field":"","description":"desc.biz.driver.bonus.payment.already.exist","info":"info.biz.driver.bonus.payment.already.exist","severity":"ERROR","category":"APPLICATION"},
				{"code":"400.007","field":"","description":"desc.biz.no.driver.payment.trip.found","info":"info.biz.no.driver.payment.trip.found","severity":"ERROR","category":"APPLICATION"},
				{"code":"400.008","field":"","description":"desc.biz.delivery.task.not.found","info":"info.biz.delivery.task.not.found","severity":"ERROR","category":"APPLICATION"},
				{"code":"400.001","field":"","description":"desc.biz.invalid.request","info":"info.biz.invalid.request","severity":"ERROR","category":"APPLICATION"},
				{"code":"400.009","field":"","description":"desc.biz.onboarding.failure","info":"info.biz.onboarding.failure","severity":"ERROR","category":"APPLICATION"},
				{"code":"400.010","field":"","description":"desc.biz.onboarding.driver.duplicate.email.failure","info":"info.biz.onboarding.driver.duplicate.email.failure","severity":"ERROR","category":"APPLICATION"},
				{"code":"400.011","field":"","description":"desc.biz.update.driver.duplicate.email.failure","info":"info.biz.update.driver.duplicate.email.failure","severity":"ERROR","category":"APPLICATION"},
				{"code":"400.012","field":"","description":"desc.biz.null.or.invalid.time.slot","info":"info.biz.null.or.invalid.time.slot","severity":"ERROR","category":"APPLICATION"},
				{"code":"400.013","field":"market","description":"desc.biz.market.empty","info":"info.biz.market.empty","severity":"ERROR","category":"APPLICATION"},
				{"code":"400.014","field":"stores","description":"desc.biz.stores.empty","info":"info.biz.stores.empty","severity":"ERROR","category":"APPLICATION"},
				{"code":"400.015","field":"roundNumber","description":"desc.biz.round.number.empty","info":"info.biz.round.number.empty","severity":"ERROR","category":"APPLICATION"},
				{"code":"400.016","field":"storeId","description":"desc.biz.store.empty","info":"info.biz.store.empty","severity":"ERROR","category":"APPLICATION"},
				{"code":"400.017","field":"orderDetails","description":"desc.biz.order.details.missing","info":"info.biz.order.details.missing","severity":"ERROR","category":"APPLICATION"},
				{"code":"400.018","field":"expectedTripCompletionTime","description":"desc.biz.trip.completion.time.missing","info":"info.biz.trip.completion.time.missing","severity":"ERROR","category":"APPLICATION"},
				{"code":"400.019","field":"","description":"desc.biz.store.list.exceeded","info":"info.biz.store.list.exceeded","severity":"ERROR","category":"APPLICATION"},
				{"code":"400.002","field":"","description":"desc.biz.invalid.referral.code","info":"info.biz.invalid.referral.code","severity":"ERROR","category":"APPLICATION"},
				{"code":"400.003","field":"","description":"desc.biz.referrer.ineligible","info":"info.biz.referrer.ineligible","severity":"ERROR","category":"APPLICATION"},
				{"code":"400.004","field":"","description":"desc.biz.referrer.already.present","info":"info.biz.referrer.already.present","severity":"ERROR","category":"APPLICATION"},
				{"code":"400.425","field":"driverUserId","description":"desc.driver.not.found","info":"desc.driver.not.found","severity":"ERROR","category":"APPLICATION"},
				{"code":"500.589","field":"pickupPointId","description":"desc.pickupPointId.not.found","info":"desc.pickupPointId.not.found","severity":"ERROR","category":"APPLICATION"},
				{"code":"500.590","field":"CLIENT_ID","description":"desc.header.invalid.clientId","info":"desc.header.invalid.clientId","severity":"ERROR","category":"APPLICATION"},
				{"code":"400.429","field":"DriverBoosterOfferSchedule","description":"desc.driver.schedule.update.not.allowed","info":"info.driver.schedule.update.not.allowed","severity":"ERROR","category":"APPLICATION"},
				{"code":"400.201","field":"OTP","description":"desc.biz.invalid.otp","info":"info.biz.invalid.otp","severity":"ERROR","category":"APPLICATION"},
				{"code":"400.202","field":"OTP","description":"desc.biz.expired.otp","info":"info.biz.expired.otp","severity":"ERROR","category":"APPLICATION"},
				{"code":"400.429","field":"DriverBoosterOfferSchedule","description":"desc.driver.schedule.update.not.allowed","info":"info.driver.schedule.update.not.allowed","severity":"ERROR","category":"APPLICATION"},
				{"code":"400.430","field":"","description":"desc.biz.inhome.onboarding.failure","info":"info.biz.inhome.onboarding.failure","severity":"ERROR","category":"APPLICATION"},
				{"code":"400.431","field":"","description":"desc.biz.inhome.onboarding.user.not.found","info":"info.biz.inhome.onboarding.user.not.found","severity":"ERROR","category":"APPLICATION"},
				{"code":"400.432","field":"","description":"desc.biz.inhome.onboarding.corehr.invalid.response","info":"info.biz.inhome.onboarding.corehr.invalid.response","severity":"ERROR","category":"APPLICATION"},
				{"code":"400.621","field":"","description":"desc.biz.bulkupload.fields.empty","info":"desc.biz.bulkupload.fields.empty","severity":"ERROR","category":"APPLICATION"},
				{"code":"400.622","field":"","description":"desc.biz.bulkupload.fields.email.empty","info":"desc.biz.bulkupload.fields.email.empty","severity":"ERROR","category":"APPLICATION"},
				{"code":"400.623","field":"","description":"desc.biz.bulkupload.create.fields.empty","info":"desc.biz.bulkupload.create.fields.empty","severity":"ERROR","category":"APPLICATION"},
				{"code":"400.210","field":"","description":"desc.consumerId.not.found","info":"desc.consumerId.not.found","severity":"ERROR","category":"APPLICATION"},
				{"code":"400.211","field":"","description":"desc.source.not.found","info":"desc.source.not.found","severity":"ERROR","category":"APPLICATION"},
				{"code":"400.212","field":"","description":"desc.ip.address.not.found","info":"desc.ip.address.found","severity":"ERROR","category":"APPLICATION"},
				{"code":"400.213","field":"","description":"desc.invalid.dob.format","info":"desc.invalid.dob.format","severity":"ERROR","category":"APPLICATION"},
				{"code":"400.214","field":"","description":"desc.invalid.ssn.format","info":"desc.invalid.ssn.format","severity":"ERROR","category":"APPLICATION"},
				{"code":"400.215","field":"","description":"desc.invalid.mobile.format","info":"desc.invalid.mobile.format","severity":"ERROR","category":"APPLICATION"}
			],
		"CLIENT_LAYER":
			[	
				{"code":"400.1","field":"field_authn","description":"desc.authn.invalid.client.credential","info":"desc.authn.invalid.client.credential","severity":"ERROR","category":"REQUEST"},
				{"code":"400.001","field":"","description":"desc.validation.failure","info":"desc.driver.not.found","severity":"ERROR","category":"REQUEST"},
				{"code":"400.002","field":"","description":"desc.validation.failure","info":"desc.driver.inactive","severity":"ERROR","category":"REQUEST"},
				{"code":"400.003","field":"","description":"desc.validation.failure","info":"desc.market.data.not.found","severity":"ERROR","category":"REQUEST"},
				{"code":"400.004","field":"","description":"desc.validation.failure","info":"desc.market.stores.not.found","severity":"ERROR","category":"REQUEST"},
				{"code":"400.005","field":"","description":"desc.validation.failure","info":"desc.store.config.not.found","severity":"ERROR","category":"REQUEST"},
				{"code":"400.006","field":"","description":"desc.validation.failure","info":"desc.store.time.zone.not.found","severity":"ERROR","category":"REQUEST"},
				{"code":"400.007","field":"","description":"desc.validation.failure","info":"desc.invalid.time.zone","severity":"ERROR","category":"REQUEST"},
				{"code":"400.401","field":"driverUserId","description":"desc.validation.failure","info":"desc.acceptDoc.invalid.driver","severity":"ERROR","category":"REQUEST"},
				{"code":"400.402","field":"status","description":"desc.validation.failure","info":"desc.acceptDoc.invalid.status","severity":"ERROR","category":"REQUEST"},
				{"code":"400.403","field":"docType","description":"desc.validation.failure","info":"desc.acceptDoc.invalid.doc.type","severity":"ERROR","category":"REQUEST"},
				{"code":"400.406","field":"docType","description":"desc.validation.failure","info":"desc.acceptDoc.wrong.doc.type","severity":"ERROR","category":"REQUEST"},
				{"code":"400.404","field":"version","description":"desc.validation.failure","info":"desc.acceptDoc.invalid.version","severity":"ERROR","category":"REQUEST"},
				{"code":"400.405","field":"actionTime","description":"desc.validation.failure","info":"desc.acceptDoc.invalid.accept.time","severity":"ERROR","category":"REQUEST"},
				{"code":"400.426","field":"batchingPreference","description":"desc.validation.failure","info":"desc.batchingPreference.null","severity":"ERROR","category":"REQUEST"},
				{"code":"400.427","field":"batchingPreference","description":"desc.validation.failure","info":"desc.batchingPreference.invalid","severity":"ERROR","category":"REQUEST"},
				{"code":"400.428","field":"updatedBy","description":"desc.validation.failure","info":"desc.updatedBy.null","severity":"ERROR","category":"REQUEST"},
				{"code":"400.101","field":"pickupPointId","description":"desc.validation.invalid.pickup.point.id","info":"info.validation.invalid.pickup.point.id","severity":"ERROR","category":"REQUEST"},
				{"code":"400.102","field":"pickupLocation","description":"desc.validation.invalid.pickup.location","info":"info.validation.invalid.pickup.location","severity":"ERROR","category":"REQUEST"},
				{"code":"400.103","field":"pickupLocation.latitude","description":"desc.validation.invalid.pickup.location.lat","info":"info.validation.invalid.pickup.location.lat","severity":"ERROR","category":"REQUEST"},
				{"code":"400.104","field":"pickupLocation.longitude","description":"desc.validation.invalid.pickup.location.long","info":"info.validation.invalid.pickup.location.long","severity":"ERROR","category":"REQUEST"},
				{"code":"400.105","field":"market","description":"desc.validation.invalid.market","info":"info.validation.invalid.market","severity":"ERROR","category":"REQUEST"},
				{"code":"400.106","field":"timeZone","description":"desc.validation.invalid.time.zone","info":"info.validation.invalid.time.zone","severity":"ERROR","category":"REQUEST"},
				{"code":"400.107","field":"timeZone","description":"desc.validation.unsupported.time.zone.format","info":"info.validation.unsupported.time.zone.format","severity":"ERROR","category":"REQUEST"},
				{"code":"400.108","field":"slotStartTime","description":"desc.validation.invalid.slot.start.time","info":"info.validation.invalid.slot.start.time","severity":"ERROR","category":"REQUEST"},
				{"code":"400.109","field":"slotEndTime","description":"desc.validation.invalid.slot.end.time","info":"info.validation.invalid.slot.end.time","severity":"ERROR","category":"REQUEST"},
				{"code":"400.110","field":"multicastType","description":"desc.validation.invalid.multicast.type","info":"info.validation.invalid.multicast.type","severity":"ERROR","category":"REQUEST"},
				{"code":"400.111","field":"pickupLocation.latitude","description":"desc.validation.invalid.pickup.location.lat.value","info":"info.validation.invalid.pickup.location.lat.value","severity":"ERROR","category":"REQUEST"},
				{"code":"400.112","field":"pickupLocation.longitude","description":"desc.validation.invalid.pickup.location.long.value","info":"info.validation.invalid.pickup.location.long.value","severity":"ERROR","category":"REQUEST"},
				{"code":"400.113","field":"startPickupPointAndDropoffPointId","description":"desc.validation.failure","info":"info.invalid.pickupPointIdAndDropoffPointId","severity":"ERROR","category":"REQUEST"},
				{"code":"400.114","field":"event_id","description":"desc.validation.invalid.field","info":"info.validation.invalid.field","severity":"ERROR","category":"REQUEST"},
				{"code":"400.115","field":"template_id","description":"desc.validation.invalid.field","info":"info.validation.invalid.field","severity":"ERROR","category":"REQUEST"},
				{"code":"400.116","field":"type","description":"desc.validation.invalid.field","info":"info.validation.invalid.field","severity":"ERROR","category":"REQUEST"},
				{"code":"400.117","field":"attributes","description":"desc.validation.invalid.field","info":"info.validation.invalid.field","severity":"ERROR","category":"REQUEST"},
				{"code":"400.118","field":"attributes.status","description":"desc.validation.invalid.field","info":"info.validation.invalid.field","severity":"ERROR","category":"REQUEST"},
				{"code":"400.119","field":"attributes.created_time","description":"desc.validation.invalid.field","info":"info.validation.invalid.field","severity":"ERROR","category":"REQUEST"},
				{"code":"400.151","field":"HEADER WM_CONSUMER.TENANT_ID","description":"desc.validation.invalid.tenant.id.header","info":"info.validation.invalid.tenant.id.header","severity":"ERROR","category":"REQUEST"},
				{"code":"400.120","field":"inquirytemplate_id","description":"desc.validation.invalid.field","info":"info.validation.invalid.field","severity":"ERROR","category":"REQUEST"},
				{"code":"400.152","field":"HEADER WM_CONSUMER.TENANT_ID","description":"desc.validation.unsupported.tenant.id.header","info":"info.validation.unsupported.tenant.id.header","severity":"ERROR","category":"REQUEST"},
				{"code":"400.020","field":"","description":"desc.validation.failure","info":"info.zone.change.not.allowed","severity":"ERROR","category":"REQUEST"},
				{"code":"400.021","field":"associatedStores","description":"desc.validation.failure","info":"desc.associatedStores.not.found","severity":"ERROR","category":"REQUEST"},
				{"code":"400.408","field":"docURL","description":"desc.validation.failure","info":"info.validation.invalid.docURL","severity":"ERROR","category":"REQUEST"},
				{"code":"400.409","field":"driverType","description":"desc.validation.failure","info":"info.validation.invalid.driverType","severity":"ERROR","category":"REQUEST"},
				{"code":"400.410","field":"","description":"desc.validation.doc.acceptance.missing.fields","info":"info.validation.doc.acceptance.missing.fields","severity":"ERROR","category":"REQUEST"},
				{"code":"400.026","field":"","description":"desc.validation.failure","info":"info.validation.cityofInterest.field.empty","severity":"ERROR","category":"REQUEST"},
				{"code":"400.024","field":"pictureStatus","description":"desc.validation.pictureApprovalStatus.null","info":"info.validation.pictureApprovalStatus.null","severity":"ERROR","category":"REQUEST"},
				{"code":"400.025","field":"reasonCode","description":"desc.validation.pictureRejectedReasonCode.null","info":"info.validation.pictureRejectedReasonCode.null","severity":"ERROR","category":"REQUEST"},
				{"code":"400.409","field":"driverType","description":"desc.validation.failure","info":"info.validation.invalid.driverType","severity":"ERROR","category":"REQUEST"},
				{"code":"400.024","field":"version","description":"desc.validation.failure","info":"desc.device.type.missing","severity":"ERROR","category":"REQUEST"},
				{"code":"400.025","field":"version","description":"desc.validation.failure","info":"desc.device.OS.missing","severity":"ERROR","category":"REQUEST"},
				{"code":"400.027","field":"funFact","description":"desc.validation.funFact.null","info":"info.validation.funFact.null","severity":"ERROR","category":"REQUEST"},
				{"code":"400.028","field":"driverIdVerification","description":"desc.validation.id.verification.not.active","info":"info.validation.id.verification.not.active","severity":"ERROR","category":"REQUEST"},
				{"code":"400.030","field":"funFact","description":"desc.validation.funFact.character.limit","info":"info.validation.funFact.character.limit","severity":"ERROR","category":"REQUEST"},
				{"code":"400.031","field":"","description":"desc.service.driver.user.id.not.found","info":"info.service.driver.user.id.not.found","severity":"ERROR","category":"APPLICATION"},
				{"code":"400.032","field":"","description":"desc.service.driver.id.combination.not.matching","info":"info.service.driver.id.combination.not.matching","severity":"ERROR","category":"APPLICATION"},
				{"code":"400.033","field":"","description":"desc.service.driver.document.not.found","info":"info.service.driver.document.not.found","severity":"ERROR","category":"APPLICATION"},
				{"code":"400.034","field":"","description":"desc.service.driver.document.details.required","info":"desc.service.driver.document.details.required","severity":"ERROR","category":"APPLICATION"},
				{"code":"400.035","field":"","description":"desc.service.driver.document.file.size.limit.exceeded","info":"desc.service.driver.document.file.size.limit.exceeded","severity":"ERROR","category":"APPLICATION"},
				{"code":"400.036","field":"","description":"desc.service.driver.document.file.is.empty","info":"desc.service.driver.document.file.is.empty","severity":"ERROR","category":"APPLICATION"},
				{"code":"400.037","field":"","description":"desc.service.driver.document.file.is.not.validated","info":"desc.service.driver.document.file.is.not.validated","severity":"ERROR","category":"APPLICATION"},
				{"code":"400.501","field":"","description":"desc.service.driver.logout.request","info":"info.service.driver.logout.request","severity":"ERROR","category":"APPLICATION"},
				{"code":"400.502","field":"","description":"desc.service.driver.credentials","info":"info.service.driver.credentials","severity":"ERROR","category":"APPLICATION"},
				{"code":"400.503","field":"","description":"desc.service.driver.invalid.login.id","info":"info.service.invalid.login.id","severity":"ERROR","category":"APPLICATION"},
				{"code":"400.504","field":"","description":"desc.service.driver.login.id.not.found","info":"info.service.login.id.not.found","severity":"ERROR","category":"APPLICATION"},
				{"code":"400.505","field":"","description":"desc.biz.inhome.store.transfer.failure","info":"info.biz.inhome.store.transfer.failure","severity":"ERROR","category":"APPLICATION"},
				{"code":"400.506","field":"","description":"desc.biz.invalid.inhome.driver","info":"info.biz.invalid.inhome.driver","severity":"ERROR","category":"APPLICATION"},
				{"code":"400.507","field":"","description":"desc.inactive.inhome.driver","info":"info.inactive.inhome.driver","severity":"ERROR","category":"APPLICATION"},
				{"code":"401.001","field":"","description":"desc.forbidden.driver.update","info":"info.forbidden.driver.update","severity":"ERROR","category":"APPLICATION"},
				{"code":"401.031","field":"","description":"desc.driver.document.not.found","info":"info.driver.document.not.found","severity":"ERROR","category":"APPLICATION"},
				{"code":"401.032","field":"","description":"desc.filetype.not.supported","info":"info.filetype.not.supported","severity":"ERROR","category":"APPLICATION"},
        		{"code":"401.033","field":"","description":"desc.driver.documents.details.not.given","info":"info.driver.documents.details.not.given","severity":"ERROR","category":"APPLICATION"},
				{"code":"401.034","field":"","description":"desc.driver.documents.expired.time.not.valid","info":"info.driver.documents.expired.time.not.valid","severity":"ERROR","category":"APPLICATION"},
				{"code":"400.210","field":"","description":"desc.consumerId.not.found","info":"desc.consumerId.not.found","severity":"ERROR","category":"APPLICATION"},
				{"code":"400.211","field":"","description":"desc.source.not.found","info":"desc.source.not.found","severity":"ERROR","category":"APPLICATION"},
				{"code":"400.212","field":"","description":"desc.ip.address.not.found","info":"desc.ip.address.found","severity":"ERROR","category":"APPLICATION"},
				{"code":"400.213","field":"","description":"desc.invalid.dob.format","info":"desc.invalid.dob.format","severity":"ERROR","category":"APPLICATION"},
				{"code":"400.214","field":"","description":"desc.invalid.ssn.format","info":"desc.invalid.ssn.format","severity":"ERROR","category":"APPLICATION"},
				{"code":"400.215","field":"","description":"desc.invalid.mobile.format","info":"desc.invalid.mobile.format","severity":"ERROR","category":"APPLICATION"}

			],
		"SERVICE_LAYER":
			[	
				{"code":"500.591","field":"field_1","description":"desc.service.unexpected.error","info":"info.service.unexpected.error","severity":"ERROR","category":"APPLICATION"},
				{"code":"400.592","field":"paymentProvider","description":"desc.service.invalid.payment.provider","info":"info.service.invalid.payment.provider","severity":"ERROR","category":"APPLICATION"},
				{"code":"400.593","field":"dob","description":"desc.service.invalid.date.format","info":"info.service.invalid.date.format","severity":"ERROR","category":"APPLICATION"},
				{"code":"400.594","field":"verticalId","description":"desc.service.invalid.verticalId","info":"info.service.invalid.verticalId","severity":"ERROR","category":"APPLICATION"},
				{"code":"400.595","field":"tenantId","description":"desc.service.invalid.tenantId","info":"info.service.invalid.tenantId","severity":"ERROR","category":"APPLICATION"},
				{"code":"400.596","field":"","description":"desc.service.invalid.fromdate.format","info":"info.service.invalid.fromdate.format","severity":"ERROR","category":"APPLICATION"},
				{"code":"400.597","field":"","description":"desc.service.invalid.todate.format","info":"info.service.invalid.todate.format","severity":"ERROR","category":"APPLICATION"},
				{"code":"400.598","field":"","description":"desc.service.invalid.date.range","info":"info.service.invalid.date.range","severity":"ERROR","category":"APPLICATION"},
				{"code":"400.599","field":"requestDriverPayOutDate","description":"desc.service.invalid.request.payout.date","info":"info.service.invalid.request.payout.date","severity":"ERROR","category":"APPLICATION"},
				{"code":"400.600","field":"incentiveAmount","description":"desc.service.invalid.incentive.amount","info":"info.service.invalid.incentive.amount","severity":"ERROR","category":"APPLICATION"},
				{"code":"400.601","field":"storeId","description":"desc.service.invalid.store.id","info":"info.service.invalid.store.id","severity":"ERROR","category":"APPLICATION"},
				{"code":"400.602","field":"incentiveTypeId","description":"desc.service.invalid.incentive.type.id","info":"info.service.invalid.incentive.type.id","severity":"ERROR","category":"APPLICATION"},
				{"code":"400.603","field":"","description":"desc.service.transaction.id.null","info":"info.service.transaction.id.null","severity":"ERROR","category":"APPLICATION"},
				{"code":"400.604","field":"","description":"desc.service.transaction.status.invalid","info":"info.service.transaction.status.invalid","severity":"ERROR","category":"APPLICATION"},
				{"code":"400.605","field":"","description":"desc.service.transaction.amount.null","info":"info.service.transaction.amount.null","severity":"ERROR","category":"APPLICATION"},
				{"code":"400.606","field":"","description":"desc.service.transaction.list.null","info":"info.service.transaction.list.null","severity":"ERROR","category":"APPLICATION"},
				{"code":"400.607","field":"","description":"desc.service.required.request.param.missing","info":"info.service.required.request.param.missing","severity":"ERROR","category":"APPLICATION"},
				{"code":"400.608","field":"","description":"desc.service.invalid.driver.subtype","info":"info.service.invalid.driver.subtype","severity":"ERROR","category":"APPLICATION"},
				{"code":"400.609","field":"","description":"desc.service.invalid.driver.with.subtype","info":"info.service.invalid.driver.with.subtype","severity":"ERROR","category":"APPLICATION"},
				{"code":"400.610","field":"","description":"desc.service.invalid.driver.header","info":"info.service.invalid.driver.header","severity":"ERROR","category":"APPLICATION"},
				{"code":"400.611","field":"","description":"desc.service.invalid.driver.id.verification.payload","info":"info.service.invalid.driver.id.verification.payload","severity":"ERROR","category":"APPLICATION"},
				{"code":"400.612","field":"","description":"desc.service.invalid.driver.id.verification.update.payload","info":"info.service.invalid.driver.id.verification.update.payload","severity":"ERROR","category":"APPLICATION"},
				{"code":"400.613","field":"","description":"desc.service.driver.startTime.after.endTime","info":"info.service.driver.startTime.after.endTime","severity":"ERROR","category":"APPLICATION"},
				{"code":"400.614","field":"","description":"desc.service.driver.invalid.uuid","info":"info.service.driver.invalid.uuid","severity":"ERROR","category":"APPLICATION"},
				{"code":"400.615","field":"pictureUrl","description":"desc.service.driver.driverExtension.pictureUrl","info":"info.service.driver.driverExtension.pictureUrl","severity":"ERROR","category":"APPLICATION"},
				{"code":"400.614","field":"","description":"desc.service.driver.invalid.uuid","info":"info.service.driver.invalid.uuid","severity":"ERROR","category":"APPLICATION"},
				{"code":"400.483","field":"field_1","description":"desc.service.driver.iam.invalid.user.failure","info":"info.service.driver.iam.invalid.user.failure","severity":"ERROR","category":"APPLICATION"},
				{"code":"400.484","field":"field_1","description":"desc.service.driver.iam.password.failed","info":"info.service.driver.iam.iam.password.failed","severity":"ERROR","category":"APPLICATION"},
				{"code":"400.485","field":"field_1","description":"desc.service.driver.iam.password.changed.frequently.failure","info":"info.service.driver.iam.password.changed.frequently.failure","severity":"ERROR","category":"APPLICATION"},
				{"code":"400.486","field":"field_1","description":"desc.service.driver.iam.password.do.not.match.failed","info":"info.service.driver.iam.password.do.not.match.failed","severity":"ERROR","category":"APPLICATION"},
				{"code":"400.487","field":"field_1","description":"desc.service.driver.iam.locked.failure","info":"info.service.driver.iam.locked.failure","severity":"ERROR","category":"APPLICATION"},
				{"code":"400.488","field":"field_1","description":"desc.service.driver.iam.password.same.as.id.failed","info":"info.service.driver.iam.password.same.as.id.failed","severity":"ERROR","category":"APPLICATION"},
				{"code":"400.489","field":"field_1","description":"desc.service.driver.iam.password.changed.after.token.expired.failure","info":"info.service.driver.iam.password.changed.after.token.expired.failure","severity":"ERROR","category":"APPLICATION"},
				{"code":"403.500","field":"","description":"desc.service.argus.validation.failure","info":"info.service.argus.validation.failure","severity":"ERROR","category":"APPLICATION"},
				{"code":"403.501","field":"","description":"desc.service.argus.validation.failure.empty.response","info":"info.service.argus.validation.failure.empty.response","severity":"ERROR","category":"APPLICATION"}
			]
	}
}