<!DOCTYPE xml>
<scxml version="0.9" initialstate="CREATED"
       xmlns="http://www.w3.org/2005/07/scxml">

    <state id="CREATED">
        <transition event="SUCCESS" target="PAYMENT_REGISTRATION_STAGE" />
        <transition event="FAILED" target="ONBOARDING_FAILED" />
    </state>
    <state id="PAYMENT_REGISTRATION_STAGE">
        <transition event="SUCCESS" target="ONBOARDING_SUCCESS" />
        <transition event="FAILED" target="PAYMENT_REGISTRATION_STAGE" />
        <transition event="RETRY" target="PAYMENT_REGISTRATION_STAGE" />
    </state>

    <final id="ONBOARDING_FAILED" />

    <final id="ONBOARDING_SUCCESS" />

</scxml>