<!DOCTYPE xml>
<scxml version="0.9" initialstate="CREATED"
	xmlns="http://www.w3.org/2005/07/scxml">

	<state id="CREATED">
		<transition event="SUCCESS" target="IAM_ACCOUNT_CREATION" />
		<transition event="FAILED" target="ONBOARDING_FAILED" />
	</state>

	<state id="IAM_ACCOUNT_CREATION">
		<transition event="SUCCESS" target="PAYMENT_REGISTRATION_STAGE" />
		<transition event="FAILED" target="IAM_ACCOUNT_CREATION" />
		<transition event="RETRY" target="IAM_ACCOUNT_CREATION" />
	</state>

	<state id="PAYMENT_REGISTRATION_STAGE">
		<transition event="SUCCESS" target="SEND_EMAIL_STAGE" />
		<transition event="FAILED" target="PAYMENT_REGISTRATION_STAGE" />
		<transition event="RETRY" target="PAYMENT_REGISTRATION_STAGE" />
	</state>

	<state id="SEND_EMAIL_STAGE">
		<transition event="SUCCESS" target="ONBOARDING_SUCCESS" />
		<transition event="FAILED" target="SEND_EMAIL_STAGE" />
		<transition event="RETRY" target="SEND_EMAIL_STAGE" />
	</state>

<!--	<state id="PAYMENT_REGISTRATION_CHECK">-->
<!--		<transition event="SUCCESS" target="ONBOARDING_SUCCESS" />-->
<!--		<transition event="FAILED" target="ONBOARDING_FAILED" />-->
<!--	</state>-->

	<final id="ONBOARDING_FAILED" />

	<final id="ONBOARDING_SUCCESS" />

</scxml>