{
  "appName": "centiva-am-gke",
  "assetTag": "CENTIVA:WEB-GCP",
  "codeOwners": "mahesh.Tummala@sabre.com satyaNarayana.Kopparapu@sabre.com baji.baji@sabre.com arpitha.s@sabre.com harsh.bhardwaj@sabre.com",
  "displayName": "Centiva am gke",
  "execJarNameSuffix": "",
  "generationTime": "2025-09-03T12:16:45.679Z",
  "generatorVersion": "21.1.19",
  "groupId": "centivaamgke",
  "iac": "GKE-Blue-Green-Helm",
  "javaGroupId": "centivaamgke",
  "nexusFolder": "com/sabre/centivaamgke",
  "ownerGroup": "CENTIVA",
  "packageName": "com.sabre.centivaamgke",
  "platform": "SABRE2",
  "project": "centiva-am-gke",
  "projectVersion": "1.0.0-SNAPSHOT",
  "repoRelativePath": "wolverine/agencyManager",
  "rootDir": "../..",
  "serviceNameFromPath": "",
  "serviceOwner": "SG0315740",
  "serviceTargetDir": "service",
  "techStack": "Java-Spring-Boot",
  "terraformProject": "",
  "terraformStep": false,
  "userEmail": "archita.rai.ctr@sabre.com"
}
